統計期,金融業拆款,商業本票-初級市場-30天,商業本票-初級市場-31-90天,商業本票-初級市場-91-180天,商業本票-次級市場-1-30天,商業本票-次級市場-31-90天,商業本票-次級市場-91-180天,可轉讓定期存單-次級市場-1-90天,可轉讓定期存單-次級市場-9-180天,銀行承兌匯票-次級市場-1-30天,銀行承兌匯票-次級市場-31-90天,銀行承兌匯票-次級市場-91-180天,國庫券-初級市場-1-91天,國庫券-初級市場-92-182天,國庫券-初級市場-183-364天,公債附條件交易利率-次級市場-1-30天,公債附條件交易利率-次級市場-31-90天,公債附條件交易利率-次級市場-91-180天,政府公債-3年期,政府公債-5年期,政府公債-7年期,政府公債-10年期,政府公債-15年期,公司債-1年期,公司債-2年期,公司債-3年期,公司債-4年期,公司債-5年期,公司債-6年期,公司債-7年期,公司債-10年期,金融債券-2年期,金融債券-3年期,金融債券-5年期,央行單券-CDs1年期,央行單券-CDs2年期,央行單券-SB 1年期
86年,6.845,7.05,7,6.92,6.85,6.83,6.84,6.83,6.81,6.81,6.77,6.83,6.88,6.893,NaN,NaN,NaN,NaN,NaN,6.13,NaN,6.41,6.5,NaN,7.45,7.17,6.87,6.79,6.64,6.72,NaN,5.99,6.06,6.15,NaN,NaN,NaN
86年1月,5.653,6.06,6.17,5.74,5.57,5.9,5.7,5.73,5.68,5.57,5.86,5.66,NaN,NaN,NaN,NaN,NaN,NaN,NaN,NaN,NaN,NaN,6.27,NaN,6.95,6.67,NaN,6.55,NaN,NaN,NaN,NaN,5.7,NaN,NaN,NaN,NaN
86年2月,6.66,6.57,6.28,5.86,6.69,6.32,5.85,6.38,5.85,6.58,6.23,5.85,NaN,NaN,NaN,NaN,NaN,NaN,NaN,NaN,NaN,NaN,NaN,NaN,NaN,6.75,6.9,6.79,NaN,6.65,NaN,5.5,5.6,NaN,NaN,NaN,NaN
86年3月,6.188,6.36,6.38,6.46,6.14,6.18,6.29,6.15,6.19,6.1,6.16,6.25,NaN,NaN,NaN,NaN,NaN,NaN,NaN,NaN,NaN,NaN,6.34,NaN,7.5,7.2,NaN,6.99,6.65,6.83,NaN,NaN,5.8,NaN,NaN,NaN,NaN
86年4月,6.562,6.6,6.58,6.51,6.48,6.46,6.5,6.51,6.42,6.42,6.5,6.51,NaN,NaN,NaN,NaN,NaN,NaN,NaN,NaN,NaN,NaN,NaN,NaN,7.8,6.94,NaN,6.81,NaN,NaN,NaN,NaN,5.89,NaN,NaN,NaN,NaN
86年5月,5.663,5.76,5.9,6.01,5.74,5.8,5.95,5.78,5.97,5.73,5.61,5.97,NaN,NaN,NaN,NaN,NaN,NaN,NaN,NaN,NaN,6.33,NaN,NaN,NaN,7.48,6.84,5.26,6.89,NaN,NaN,5.97,5.9,NaN,NaN,NaN,NaN
86年6月,7.208,6.81,6.21,6.08,6.99,6.55,6.2,6.75,6.24,6.94,6.18,6.15,NaN,5.85,NaN,NaN,NaN,NaN,NaN,NaN,NaN,NaN,NaN,NaN,NaN,7.17,NaN,6.57,NaN,NaN,NaN,5.8,6.09,6.15,NaN,NaN,NaN
86年7月,7.107,7.16,7.19,6.92,6.95,6.85,6.8,7.06,6.68,6.98,6.92,6.84,6.88,7.15,NaN,NaN,NaN,NaN,NaN,NaN,NaN,NaN,NaN,NaN,NaN,6.9,NaN,7.23,NaN,NaN,NaN,NaN,6.06,NaN,NaN,NaN,NaN
86年8月,8.112,8.28,7.96,7.6,7.9,7.62,7.45,7.84,7.39,7.85,7.56,7.34,NaN,NaN,NaN,NaN,NaN,NaN,NaN,NaN,NaN,NaN,NaN,NaN,NaN,6.8,NaN,6.53,6.64,6.64,NaN,NaN,NaN,NaN,NaN,NaN,NaN
86年9月,7.555,8.05,7.96,8.02,7.84,7.79,7.82,7.68,7.79,7.84,7.77,7.69,NaN,NaN,NaN,NaN,NaN,NaN,NaN,NaN,NaN,6.44,NaN,NaN,6.9,NaN,NaN,7.6,NaN,NaN,NaN,6.22,NaN,NaN,NaN,NaN,NaN
86年10月,7.816,8.11,7.87,7.86,7.86,7.59,7.77,7.69,7.82,7.68,7.57,7.98,NaN,NaN,NaN,NaN,NaN,NaN,NaN,NaN,NaN,NaN,NaN,NaN,NaN,7.97,NaN,NaN,NaN,NaN,NaN,6.25,6.4,NaN,NaN,NaN,NaN
86年11月,7.116,7.63,7.73,8.03,7.29,7.45,7.81,7.21,7.8,7.28,7.41,7.76,NaN,NaN,NaN,NaN,NaN,NaN,NaN,6.13,6.53,NaN,NaN,NaN,NaN,8.33,NaN,7.2,NaN,NaN,NaN,6.4,6.4,NaN,NaN,NaN,NaN
86年12月,6.666,7.2,7.82,7.98,6.77,7.43,7.94,7.15,7.9,6.75,7.45,8,NaN,7.68,NaN,NaN,NaN,NaN,NaN,NaN,NaN,NaN,6.98,NaN,NaN,7.26,NaN,7.97,NaN,NaN,NaN,5.83,NaN,NaN,NaN,NaN,NaN
87年,6.556,7.02,7.07,6.97,6.71,6.81,6.89,6.73,6.88,6.71,6.8,6.87,4.74,5.15,NaN,5.928,5.833,6.075,NaN,NaN,6.22,5.18,6.89,8,7.37,7.45,7.41,7.28,7.48,7.5,NaN,6.8,6.8,6.9,NaN,NaN,NaN
87年1月,7.312,8.43,8.21,7.86,7.67,7.96,7.85,7.61,7.88,7.62,7.95,7.79,NaN,NaN,NaN,7.8,7,7,NaN,NaN,NaN,NaN,NaN,NaN,NaN,NaN,NaN,7.97,NaN,NaN,NaN,6.5,NaN,NaN,NaN,NaN,NaN
87年2月,7.222,7.87,7.84,7.9,7.7,7.78,7.65,7.69,7.81,7.67,7.76,7.81,NaN,NaN,NaN,6.21,6.65,7.06,NaN,NaN,NaN,NaN,6.89,NaN,NaN,7.7,NaN,NaN,NaN,NaN,NaN,6.75,NaN,NaN,NaN,NaN,NaN
87年3月,6.931,7.42,7.59,7.5,7.28,7.51,7.57,7.34,7.57,7.3,7.51,7.6,NaN,NaN,NaN,6.74,5.99,6.75,NaN,NaN,6.34,NaN,NaN,8,NaN,8.82,NaN,7.71,NaN,NaN,NaN,6.9,7,6.9,NaN,NaN,NaN
87年4月,6.8,7.12,7.27,7.15,7.01,7.15,7.26,7.07,7.13,6.99,7.18,7.28,NaN,NaN,NaN,6.17,6.19,6.02,NaN,NaN,NaN,NaN,NaN,NaN,NaN,8.18,NaN,NaN,NaN,NaN,NaN,6.9,NaN,6.9,NaN,NaN,NaN
87年5月,6.877,7.01,7.06,7,6.94,7,7.05,6.93,7.04,6.91,7,7.05,NaN,NaN,NaN,6.15,6.12,6.22,NaN,NaN,NaN,NaN,NaN,NaN,7.68,NaN,7.25,NaN,NaN,NaN,NaN,6.97,NaN,NaN,NaN,NaN,NaN
87年6月,6.837,7.18,7.24,7.11,7.02,7.08,7.12,7.04,7.08,7.03,7.05,7.14,NaN,NaN,NaN,6.89,6.55,6.44,NaN,NaN,6.7,NaN,NaN,NaN,NaN,7.91,7.8,7.44,7.48,7.62,NaN,6.9,7.1,NaN,NaN,NaN,NaN
87年7月,6.748,7,7.08,7.02,6.88,6.95,7.06,6.95,7.02,6.92,6.95,7.1,NaN,NaN,NaN,5.83,5.94,6.03,NaN,NaN,NaN,NaN,NaN,NaN,7.21,7.37,NaN,7.48,NaN,NaN,NaN,6.9,NaN,NaN,NaN,NaN,NaN
87年8月,6.673,6.87,6.88,6.84,6.78,6.79,6.83,6.79,6.84,6.74,6.83,6.84,NaN,NaN,NaN,5.9,5.9,5.94,NaN,NaN,NaN,NaN,NaN,NaN,NaN,7.28,NaN,NaN,NaN,7,NaN,6.86,NaN,NaN,NaN,NaN,NaN
87年9月,6.521,6.73,6.78,6.72,6.64,6.67,6.75,6.65,6.69,6.64,6.65,6.68,NaN,NaN,NaN,5.77,5.75,5.89,NaN,NaN,6.12,5.18,NaN,NaN,7.78,8.15,NaN,7.5,NaN,7.58,NaN,6.73,NaN,NaN,NaN,NaN,NaN
87年10月,6.061,6.28,6.38,6.37,6.11,6.04,6.18,6.07,6.14,6.16,6.11,6.16,NaN,NaN,NaN,5.09,5.18,5.49,NaN,NaN,NaN,NaN,NaN,NaN,7.48,7.34,NaN,7.41,NaN,NaN,NaN,6.37,6.35,NaN,NaN,NaN,NaN
87年11月,5.401,6.24,6.23,6.08,5.57,5.57,5.79,5.52,5.91,5.49,5.45,5.68,NaN,NaN,NaN,4.63,4.55,5.03,NaN,NaN,5.53,NaN,NaN,NaN,NaN,7.41,NaN,6.94,NaN,NaN,NaN,NaN,NaN,NaN,NaN,NaN,NaN
87年12月,4.954,6.12,6.31,6.08,4.96,5.21,5.57,5.08,5.46,5.04,5.16,5.3,4.74,5.15,NaN,3.95,4.17,5.03,NaN,NaN,NaN,NaN,NaN,NaN,NaN,6.88,6.43,7.14,NaN,NaN,NaN,5.9,NaN,NaN,NaN,NaN,NaN
88年,4.771,5.44,5.4,5.44,4.74,4.88,5.12,4.81,4.97,4.75,4.84,4.95,4.83,4.926,4.935,4.08,4.123,4.262,NaN,5.96,NaN,6.06,6.21,NaN,NaN,5.92,6.38,6.01,NaN,5.77,6.22,5.12,5.35,5.45,5.7,NaN,NaN
88年1月,4.848,5.87,5.94,5.78,4.76,5.2,5.39,4.88,5.24,4.72,5.06,5.07,NaN,4.84,NaN,3.85,4.14,4.39,NaN,NaN,NaN,NaN,NaN,NaN,NaN,6.84,NaN,6.5,NaN,NaN,NaN,5.7,NaN,NaN,NaN,NaN,NaN
88年2月,4.747,5.83,5.91,5.6,4.85,5.08,5.14,5.01,5.03,4.82,5.02,5.04,NaN,NaN,NaN,4.2,4.16,4.25,NaN,NaN,NaN,NaN,NaN,NaN,NaN,5.37,NaN,NaN,NaN,5.37,NaN,5.6,NaN,NaN,5.7,NaN,NaN
88年3月,4.73,5.4,5.37,5.34,4.7,4.8,4.99,4.76,4.82,4.69,4.77,4.91,NaN,4.68,NaN,3.93,3.9,4,NaN,NaN,NaN,NaN,NaN,NaN,NaN,6.25,6.5,NaN,NaN,NaN,NaN,5.15,5.35,5.45,5.5,NaN,NaN
88年4月,4.723,5.37,5.27,5.34,4.69,4.85,5.08,4.73,4.9,4.73,4.73,4.92,NaN,4.94,NaN,3.9,3.99,4.2,NaN,NaN,NaN,NaN,NaN,NaN,NaN,NaN,NaN,NaN,NaN,NaN,NaN,5.1,NaN,NaN,NaN,NaN,NaN
88年5月,4.696,5.28,5.23,5.37,4.66,4.73,5.05,4.73,4.86,4.68,4.72,4.81,NaN,NaN,NaN,3.92,3.97,4.16,NaN,NaN,NaN,NaN,NaN,NaN,NaN,6.05,NaN,5.62,NaN,5.62,NaN,5.1,NaN,NaN,NaN,NaN,NaN
88年6月,4.737,5.33,5.26,5.3,4.68,4.76,5.04,4.72,4.87,4.7,4.75,4.88,NaN,4.945,NaN,4.07,4.03,4.11,NaN,NaN,NaN,NaN,NaN,NaN,NaN,5.86,5.89,6.04,NaN,6.07,NaN,4.73,NaN,NaN,NaN,NaN,NaN
88年7月,4.835,5.32,5.32,5.38,4.72,4.85,5.21,4.77,5.03,4.74,4.8,4.95,4.83,5.04,NaN,4.01,4.05,4.21,NaN,5.96,NaN,NaN,NaN,NaN,NaN,5.83,5.99,6.02,NaN,NaN,NaN,5.1,NaN,NaN,NaN,NaN,NaN
88年8月,4.841,5.39,5.31,5.43,4.76,4.86,5.08,4.84,4.9,4.81,4.84,4.99,NaN,NaN,NaN,4.12,4.14,4.22,NaN,NaN,NaN,6.28,NaN,NaN,NaN,NaN,NaN,6.02,NaN,NaN,NaN,5.1,NaN,NaN,NaN,NaN,NaN
88年9月,4.837,5.27,5.27,5.47,4.78,4.9,5.17,4.81,4.98,4.78,4.84,4.94,NaN,5.12,NaN,4.22,4.2,4.29,NaN,NaN,NaN,NaN,6.173,NaN,NaN,NaN,NaN,6.05,NaN,NaN,NaN,5.2,NaN,NaN,NaN,NaN,NaN
88年10月,4.817,5.37,5.36,5.41,4.79,4.88,5.13,4.8,5.08,4.79,4.89,4.97,NaN,NaN,NaN,4.21,4.25,4.41,NaN,NaN,NaN,NaN,6.24,NaN,NaN,5.67,NaN,5.84,NaN,NaN,6.22,5.15,NaN,NaN,NaN,NaN,NaN
88年11月,4.825,5.45,5.31,5.44,4.76,4.85,5.05,4.79,4.99,4.79,4.83,4.95,NaN,4.931,NaN,4.31,4.3,4.5,NaN,NaN,NaN,5.93,NaN,NaN,NaN,5.66,NaN,5.92,NaN,NaN,NaN,5.15,NaN,NaN,NaN,NaN,NaN
88年12月,4.73,5.38,5.28,5.37,4.75,4.84,5.11,4.83,4.99,4.79,4.83,4.93,NaN,4.91,4.935,4.22,4.35,4.4,NaN,NaN,NaN,6.01,NaN,NaN,NaN,5.62,NaN,5.63,NaN,NaN,NaN,5.15,NaN,NaN,NaN,NaN,NaN
89年,4.732,5.35,5.18,5.27,4.79,4.91,5.06,4.88,5,4.83,4.9,5.06,NaN,4.906,4.935,4.335,4.419,4.467,NaN,5.18,5.56,5.44,5.79,NaN,NaN,5.54,5.47,5.47,6.24,5.55,6.05,5.16,5.21,5.58,5.26,5.34,NaN
89年1月,4.614,5.26,5.04,5.15,4.61,4.79,4.99,4.71,4.85,4.7,4.77,4.89,NaN,NaN,4.851,4.18,4.33,4.3,NaN,NaN,NaN,NaN,NaN,NaN,NaN,5.46,5.64,5.69,NaN,5.62,NaN,5.15,NaN,NaN,NaN,NaN,NaN
89年2月,4.611,5.36,5.04,5.11,4.6,4.74,4.89,4.72,4.83,4.68,4.73,4.87,NaN,NaN,NaN,4.13,4.27,4.29,NaN,NaN,5.65,NaN,NaN,NaN,NaN,5.64,NaN,5.76,NaN,NaN,NaN,5.15,NaN,NaN,5.35,NaN,NaN
89年3月,4.643,5.24,4.99,5.15,4.63,4.74,4.97,4.71,4.83,4.67,4.76,4.88,NaN,NaN,NaN,4.2,4.32,4.3,NaN,NaN,NaN,NaN,6.15,NaN,NaN,NaN,NaN,NaN,NaN,NaN,NaN,5.28,5.28,5.65,5.15,5.39,NaN
89年4月,4.645,5.2,5,5.14,4.64,4.78,4.98,4.73,4.86,4.7,4.77,4.96,NaN,4.848,NaN,4.12,4.32,4.41,NaN,NaN,NaN,NaN,NaN,NaN,NaN,5.68,NaN,5.6,NaN,NaN,6.05,5.35,NaN,NaN,5.21,NaN,NaN
89年5月,4.771,5.4,5.11,5.23,4.76,4.87,4.99,4.86,4.94,4.8,4.9,4.99,NaN,NaN,NaN,4.28,4.35,4.53,NaN,NaN,NaN,NaN,NaN,NaN,NaN,5.45,NaN,5.66,NaN,NaN,NaN,5.2,NaN,NaN,5.21,5.42,NaN
89年6月,4.797,5.33,5.19,5.33,4.83,4.93,5.16,4.92,5.04,4.88,4.95,4.94,NaN,NaN,5.019,4.4,4.44,4.48,NaN,NaN,NaN,5.77,NaN,NaN,NaN,5.41,5.35,5.62,NaN,5.7,6.05,5.15,NaN,NaN,5.21,NaN,NaN
89年7月,4.785,5.31,5.13,5.25,4.84,4.9,5.12,4.9,5.05,4.86,4.95,5.14,NaN,NaN,NaN,4.25,4.41,4.58,NaN,NaN,NaN,NaN,NaN,NaN,NaN,5.34,5.55,5.9,6.24,NaN,NaN,5.15,NaN,NaN,5.19,5.38,NaN
89年8月,4.754,5.31,5.03,5.11,4.78,4.83,4.98,4.9,4.96,4.83,4.86,5.04,NaN,NaN,NaN,4.37,4.42,4.5,NaN,NaN,5.2,NaN,5.19,NaN,NaN,NaN,NaN,5.25,NaN,NaN,NaN,5.18,NaN,NaN,5.08,5.31,NaN
89年9月,4.799,5.28,5.21,5.26,4.8,4.88,5.01,4.88,4.86,4.81,4.9,5,NaN,NaN,NaN,4.39,4.47,4.48,NaN,5.18,5.35,NaN,NaN,NaN,NaN,5.3,NaN,NaN,NaN,NaN,NaN,5.15,NaN,NaN,5.05,5.27,NaN
89年10月,4.758,5.45,5.26,5.44,5,5.03,5.12,5,5.09,4.95,5.03,5.11,NaN,4.963,NaN,4.58,4.54,4.48,NaN,NaN,NaN,NaN,NaN,NaN,NaN,5.57,NaN,5.27,NaN,NaN,NaN,5.07,NaN,NaN,5.07,5.21,NaN
89年11月,4.739,5.5,5.47,5.44,5,5.1,5.24,5.05,5.19,5.04,5.11,5.57,NaN,NaN,NaN,4.58,4.54,4.58,NaN,NaN,NaN,NaN,NaN,NaN,NaN,5.65,NaN,5.19,NaN,NaN,NaN,5.05,5.15,NaN,5.12,5.25,NaN
89年12月,4.72,5.5,5.65,5.6,5.03,5.28,5.32,5.12,5.45,5,5.11,5.37,NaN,NaN,NaN,4.54,4.62,4.67,NaN,NaN,NaN,5.19,NaN,NaN,NaN,5.65,NaN,5.28,NaN,5.33,NaN,5.14,5.21,5.32,5.17,5.24,NaN
90年,3.692,4.05,4.05,4.05,3.64,3.69,3.78,3.69,3.76,3.71,3.73,3.92,NaN,3.895,2.42,3.192,3.299,3.37,NaN,NaN,NaN,4.99,4.03,NaN,NaN,4.08,NaN,3.95,NaN,3.4,4.46,4.73,3.22,3.68,3.592,3.722,NaN
90年1月,4.655,5.46,5.38,5.43,4.83,5,5.19,4.96,5.06,4.84,4.99,5.12,NaN,NaN,NaN,4.42,4.54,4.53,NaN,NaN,NaN,5.23,NaN,NaN,NaN,5.46,NaN,5.25,NaN,NaN,NaN,5.03,NaN,5.33,5.12,NaN,NaN
90年2月,4.517,5.08,4.93,5,4.56,4.62,4.77,4.63,4.65,4.57,4.64,4.81,NaN,NaN,NaN,4.18,4.29,4.32,NaN,NaN,NaN,NaN,NaN,NaN,NaN,NaN,NaN,5.31,NaN,5.19,NaN,5.05,4.91,5.05,4.806,4.973,NaN
90年3月,4.36,4.81,4.73,4.76,4.35,4.37,4.56,4.42,4.39,4.44,4.41,4.64,NaN,4.037,NaN,4.07,4.12,4.13,NaN,NaN,NaN,NaN,4.705,NaN,NaN,5.3,NaN,NaN,NaN,NaN,NaN,4.9,4.9,5.1,4.54,4.787,NaN
90年4月,4.227,4.84,4.51,4.58,4.2,4.22,4.28,4.24,4.37,4.39,4.26,4.43,NaN,NaN,NaN,3.79,3.88,3.95,NaN,NaN,NaN,NaN,NaN,NaN,NaN,NaN,NaN,5.185,NaN,5.285,NaN,4.47,4.35,NaN,4.148,4.221,NaN
90年5月,4.037,4.66,4.38,4.43,4.06,4.12,4.22,4.06,4.33,4.1,4.09,4.37,NaN,3.753,NaN,3.642,3.741,3.785,NaN,NaN,NaN,4.619,NaN,NaN,NaN,NaN,NaN,4.34,NaN,NaN,4.71,4.35,4.12,4.18,3.832,3.94,NaN
90年6月,3.895,4.23,4.25,4.18,3.9,3.89,3.94,3.94,3.85,3.91,3.9,3.87,NaN,NaN,NaN,3.668,3.663,3.66,NaN,NaN,NaN,NaN,NaN,NaN,NaN,3.9,NaN,4.36,NaN,NaN,4.44,4.2,NaN,3.92,3.826,3.916,NaN
90年7月,3.686,3.96,4.05,3.96,3.69,3.75,3.83,3.73,3.72,3.74,3.72,3.71,NaN,NaN,NaN,3.106,3.271,3.387,NaN,NaN,NaN,3.698,NaN,NaN,NaN,3.75,NaN,4.14,NaN,4,4.54,4.1,3.93,NaN,3.544,3.574,NaN
90年8月,3.513,3.74,3.92,3.82,3.51,3.54,3.66,3.54,3.68,3.59,3.75,4.32,NaN,NaN,NaN,2.846,3.015,3.174,NaN,NaN,NaN,NaN,3.768,NaN,NaN,3.601,NaN,4.147,NaN,NaN,NaN,3.95,4.03,4.08,3.427,3.517,NaN
90年9月,3.173,3.35,3.59,3.44,3.13,3.24,3.15,3.24,3.25,3.24,3.28,4.08,NaN,NaN,NaN,2.588,2.712,2.846,NaN,NaN,NaN,NaN,NaN,NaN,NaN,NaN,NaN,3.693,NaN,NaN,NaN,3.75,NaN,3.99,2.984,3.087,NaN
90年10月,2.727,2.94,3.08,3.11,2.67,2.65,2.82,2.69,2.7,2.75,2.8,2.7,NaN,NaN,2.43,2.151,2.281,2.407,NaN,NaN,NaN,NaN,3.605,NaN,NaN,3.42,NaN,3.536,NaN,NaN,NaN,3,2.75,NaN,2.495,2.651,NaN
90年11月,2.486,2.8,2.83,2.94,2.45,2.47,2.44,2.47,2.46,2.54,2.51,2.62,NaN,NaN,NaN,1.936,2.052,2.176,NaN,NaN,NaN,NaN,NaN,NaN,NaN,NaN,NaN,3.09,NaN,2.24,3.35,2.7,2.46,3,2.173,2.314,NaN
90年12月,2.39,2.71,2.95,2.93,2.35,2.38,2.44,2.4,2.71,2.44,2.4,2.4,NaN,NaN,2.41,1.903,2.019,2.077,NaN,NaN,NaN,NaN,NaN,NaN,NaN,2.688,NaN,3.274,NaN,2.882,3.35,2.45,NaN,3.02,2.389,2.53,NaN
91年,2.046,2.28,2.49,2.58,2,2.03,2.14,2.02,2.08,2.02,2.14,2.58,NaN,NaN,2.164,1.666,1.774,1.889,NaN,2.804,3.39,3.303,NaN,NaN,2.94,2.72,3.822,3.12,NaN,3.137,3.464,3.241,3.044,3.751,2.117,2.255,NaN
91年1月,2.299,2.71,2.73,2.74,2.28,2.36,2.34,2.33,2.35,2.35,2.37,2.91,NaN,NaN,NaN,1.851,2.01,2.036,NaN,3.039,NaN,NaN,NaN,NaN,2.55,2.7,NaN,2.748,NaN,2.741,2.994,2.32,2.7,2.72,2.529,2.742,NaN
91年2月,2.277,2.53,2.82,2.76,2.27,2.3,2.32,2.28,2.35,2.33,2.34,2.61,NaN,NaN,NaN,1.866,1.983,2.171,NaN,NaN,NaN,NaN,NaN,NaN,NaN,2.78,NaN,3.359,NaN,NaN,NaN,2.62,2.543,2.895,2.551,2.779,NaN
91年3月,2.273,2.59,2.61,2.7,2.25,2.29,2.33,2.26,2.33,2.24,2.29,2.62,NaN,NaN,NaN,1.897,2.001,2.072,NaN,NaN,3.39,3.724,NaN,NaN,NaN,NaN,NaN,3.014,NaN,NaN,NaN,2.625,NaN,3.179,2.473,2.701,NaN
91年4月,2.265,2.53,2.74,2.82,2.24,2.27,2.42,2.26,2.45,2.35,2.29,2.29,NaN,NaN,NaN,1.937,2.036,2.055,NaN,NaN,NaN,NaN,NaN,NaN,3.2,2.692,NaN,3.297,NaN,3.2,NaN,2.72,3.155,3.923,2.541,2.796,NaN
91年5月,2.215,2.37,2.6,2.76,2.21,2.24,2.35,2.22,2.24,2.24,2.24,2.9,NaN,NaN,2.537,1.901,2.011,2.087,NaN,NaN,NaN,NaN,NaN,NaN,NaN,2.773,NaN,3.353,NaN,3.2,NaN,2.42,3.2,4.078,2.528,2.745,NaN
91年6月,2.071,2.36,2.49,2.75,2.02,2.08,2.22,2.1,2.15,2.03,2.17,2.76,NaN,NaN,NaN,1.725,1.854,1.97,NaN,NaN,NaN,NaN,NaN,NaN,NaN,3.68,3.822,4.182,NaN,NaN,NaN,2.42,NaN,5.05,2.177,2.439,NaN
91年7月,1.937,2.03,2.37,2.38,1.82,1.85,1.96,1.88,1.96,1.87,2.36,1.88,NaN,NaN,2.02,1.379,1.502,1.724,NaN,2.723,NaN,NaN,NaN,NaN,NaN,3.347,NaN,3.852,NaN,NaN,4.25,2.42,4.11,4.642,2.026,2.257,NaN
91年8月,1.96,2.2,2.52,2.52,1.88,1.86,1.94,1.88,1.93,1.86,2.03,2.76,NaN,NaN,NaN,1.604,1.66,1.74,NaN,NaN,NaN,NaN,NaN,NaN,NaN,2.673,NaN,3.516,NaN,3.05,NaN,NaN,NaN,3.625,2.023,2.139,NaN
91年9月,1.947,2.22,2.42,2.65,1.9,1.9,2,1.9,1.92,1.86,1.94,2.48,NaN,NaN,2.059,1.65,1.71,1.853,NaN,NaN,NaN,3.287,NaN,NaN,NaN,3.166,NaN,2.662,NaN,NaN,3.67,NaN,NaN,3.004,2.078,2.189,NaN
91年10月,1.933,2.1,2.3,2.44,1.9,1.91,2.16,1.91,1.98,1.89,1.91,3.04,NaN,NaN,2.042,1.669,1.737,1.789,NaN,2.514,NaN,NaN,NaN,NaN,NaN,2.494,NaN,2.793,NaN,NaN,NaN,3.3,2.85,3.573,2.073,2.14,NaN
91年11月,1.794,1.95,2.11,2.22,1.73,1.73,1.83,1.74,1.8,1.71,2.27,2.34,NaN,NaN,NaN,1.379,1.5,1.682,NaN,NaN,NaN,NaN,NaN,NaN,NaN,2.364,NaN,2.903,NaN,NaN,NaN,3.3,NaN,3.723,1.926,1.949,NaN
91年12月,1.614,1.78,2.13,2.24,1.46,1.52,1.75,1.48,1.45,1.45,1.47,2.34,NaN,NaN,NaN,1.131,1.287,1.491,NaN,NaN,NaN,2.548,NaN,NaN,NaN,2.183,NaN,2.699,NaN,3.46,3,NaN,NaN,3.679,1.63,1.684,NaN
92年,1.097,1.28,1.39,1.59,1,1.05,1.16,1.05,1.1,1,1.06,1.19,NaN,1.06,1.05,0.822,0.92,1.049,NaN,1.66,NaN,2.28,NaN,NaN,NaN,1.63,1.8,1.89,NaN,2.46,2.17,1.65,1.9,2.8,1.291,1.397,NaN
92年1月,1.302,1.53,1.84,2.05,1.28,1.37,1.51,1.3,1.46,1.27,1.51,1.4,NaN,NaN,NaN,0.949,1.12,1.342,NaN,1.645,NaN,NaN,NaN,NaN,NaN,NaN,NaN,2.425,NaN,3.944,NaN,NaN,NaN,2.266,1.592,1.635,NaN
92年2月,1.258,1.46,1.7,1.77,1.16,1.21,1.41,1.26,1.25,1.13,1.21,2.21,NaN,NaN,NaN,0.952,1.057,1.16,NaN,NaN,NaN,NaN,NaN,NaN,NaN,NaN,NaN,2.263,NaN,NaN,NaN,NaN,NaN,2.248,1.38,1.46,NaN
92年3月,1.203,1.43,1.51,1.97,1.16,1.19,1.37,1.21,1.39,1.13,1.15,1.61,NaN,NaN,NaN,0.966,1.054,1.157,NaN,NaN,NaN,1.891,NaN,NaN,NaN,NaN,NaN,2.668,NaN,NaN,NaN,NaN,NaN,2.23,1.381,1.457,NaN
92年4月,1.188,1.37,1.54,1.7,1.11,1.16,1.24,1.16,1.19,1.11,1.13,1.25,NaN,NaN,NaN,0.895,0.992,1.124,NaN,1.504,NaN,NaN,NaN,NaN,NaN,NaN,NaN,1.769,1.898,2.627,1.9,NaN,NaN,NaN,1.381,1.457,NaN
92年5月,1.181,1.36,1.43,1.72,1.08,1.11,1.21,1.11,1.12,1.11,1.14,1.18,NaN,NaN,NaN,0.885,0.967,1.089,NaN,NaN,NaN,NaN,NaN,NaN,NaN,1.45,1.6,1.571,NaN,1.752,1.9,NaN,NaN,NaN,1.381,1.457,NaN
92年6月,1.156,1.38,1.45,1.63,1.06,1.09,1.2,1.11,1.06,1.08,1.09,1.13,NaN,NaN,NaN,0.935,1.002,1.058,NaN,NaN,NaN,1.41,NaN,NaN,NaN,1.9,NaN,1.547,NaN,1.783,2.5,NaN,NaN,2.5,1.381,NaN,NaN
92年7月,1.027,1.13,1.27,1.42,0.82,0.85,0.98,0.88,1.04,0.84,0.95,0.97,NaN,NaN,NaN,0.726,0.815,0.964,NaN,1.52,NaN,NaN,NaN,NaN,NaN,NaN,NaN,1.51,NaN,1.9,2.5,NaN,NaN,1.42,1.201,1.276,NaN
92年8月,1.024,1.09,1.08,1.33,0.78,0.85,0.89,0.82,0.79,0.81,0.87,0.79,NaN,NaN,NaN,0.691,0.775,0.923,NaN,NaN,NaN,NaN,NaN,NaN,NaN,NaN,NaN,1.505,NaN,1.9,NaN,NaN,NaN,NaN,1.225,1.3,NaN
92年9月,1.021,1.1,1.19,1.42,0.85,0.89,0.96,0.92,0.99,0.89,0.9,0.98,NaN,NaN,1.05,0.733,0.814,0.963,NaN,NaN,NaN,2.756,NaN,NaN,NaN,1.495,NaN,2.014,NaN,NaN,NaN,NaN,NaN,2.428,1.225,1.3,NaN
92年10月,1.024,1.1,1.15,1.23,0.86,0.88,0.91,0.92,0.99,0.83,0.92,0.92,NaN,NaN,NaN,0.694,0.786,0.907,NaN,2.044,NaN,NaN,NaN,NaN,NaN,NaN,NaN,3.083,NaN,2.653,NaN,1.65,1.9,2.876,1.225,1.3,NaN
92年11月,1.022,1.16,1.2,1.37,0.87,0.93,1.03,0.91,0.92,0.86,0.88,0.87,NaN,1.06,NaN,0.686,0.775,0.945,NaN,NaN,NaN,NaN,NaN,NaN,NaN,NaN,NaN,1.977,NaN,NaN,NaN,1.65,1.9,3.194,1.225,NaN,NaN
92年12月,1.025,1.22,1.34,1.43,0.93,1.01,1.22,0.99,1.05,0.93,0.96,0.97,NaN,NaN,NaN,0.755,0.881,0.952,NaN,NaN,NaN,2.925,NaN,NaN,NaN,1.83,1.907,2.278,NaN,3.077,NaN,NaN,NaN,3.086,1.225,NaN,NaN
93年,1.061,1.13,1.23,1.37,0.95,0.99,1.09,0.97,1.02,0.95,0.97,1,NaN,1.15,1.222,0.781,0.878,1.006,1.24,2.16,NaN,2.69,NaN,NaN,4,1.892,2.1,2.442,3.6,2.833,NaN,NaN,2.536,2.968,1.23,1.3,NaN
93年1月,1.008,1.12,1.34,1.36,0.89,0.96,1.12,0.94,0.97,0.89,0.93,0.94,NaN,NaN,NaN,0.677,0.797,0.965,NaN,1.981,NaN,NaN,NaN,NaN,NaN,NaN,NaN,3.5,NaN,NaN,NaN,NaN,NaN,3.586,1.225,1.3,NaN
93年2月,0.984,1.14,1.14,1.38,0.86,0.91,0.97,0.88,0.9,0.86,0.88,0.83,NaN,NaN,NaN,0.644,0.749,0.882,NaN,NaN,NaN,NaN,NaN,NaN,4,NaN,NaN,3.54,NaN,NaN,NaN,NaN,NaN,3.074,1.225,1.3,NaN
93年3月,0.991,1.11,1.15,1.37,0.9,0.94,1.14,0.92,0.93,0.88,0.92,0.92,NaN,NaN,NaN,0.728,0.826,0.968,NaN,NaN,NaN,2.546,NaN,NaN,NaN,2,NaN,2.768,NaN,NaN,NaN,NaN,NaN,3.056,1.225,NaN,NaN
93年4月,0.972,1.1,1.2,1.26,0.88,0.92,1.08,0.9,0.99,0.88,0.89,0.93,NaN,NaN,NaN,0.67,0.772,0.889,NaN,NaN,NaN,NaN,NaN,NaN,NaN,1.696,NaN,1.706,NaN,1.76,NaN,NaN,1.3,3,1.225,NaN,NaN
93年5月,0.967,1.16,1.21,1.39,0.87,0.92,1.01,0.91,0.92,0.88,0.88,0.9,NaN,NaN,1.1,0.654,0.729,0.944,NaN,NaN,NaN,NaN,NaN,NaN,4,1.716,NaN,2.574,NaN,2.517,NaN,NaN,NaN,3.134,1.225,NaN,NaN
93年6月,1.018,1.14,1.13,1.48,0.93,0.96,1.11,0.95,0.97,0.93,0.97,NaN,NaN,NaN,NaN,0.696,0.778,0.964,NaN,NaN,NaN,2.934,NaN,NaN,NaN,2.2,NaN,3.015,3.6,3.275,NaN,NaN,NaN,3.847,1.225,NaN,NaN
93年7月,1.024,0.99,1.17,1.21,0.93,0.96,0.98,0.95,0.95,0.93,0.98,1.02,NaN,NaN,NaN,0.772,0.856,1.018,1.133,2.21,NaN,3.14,NaN,NaN,NaN,1.95,NaN,2.171,NaN,2.47,NaN,NaN,2.714,3.214,1.225,NaN,NaN
93年8月,1.048,1.1,1.19,1.33,0.95,0.98,1.01,0.97,1.09,0.95,0.95,1.02,NaN,NaN,1.22,0.826,0.919,0.997,NaN,NaN,NaN,NaN,NaN,NaN,4,NaN,2.1,2.145,NaN,NaN,NaN,NaN,2.77,NaN,1.225,NaN,NaN
93年9月,1.084,1.11,1.27,1.41,1.01,1.03,1.08,1,1.08,0.99,0.99,1.06,NaN,1.075,NaN,0.886,0.987,1.034,NaN,NaN,NaN,2.643,NaN,NaN,4,2,NaN,2.164,NaN,NaN,NaN,NaN,2.45,2.842,1.225,NaN,NaN
93年10月,1.142,1.17,1.27,1.39,1.07,1.11,1.17,1.08,1.09,1.07,1.07,1.06,NaN,1.2,NaN,0.953,1.051,1.125,NaN,2.314,NaN,NaN,NaN,NaN,NaN,NaN,NaN,2.65,NaN,3.3,NaN,NaN,NaN,3.05,1.225,NaN,NaN
93年11月,1.141,1.25,1.32,1.47,1.08,1.1,1.17,1.09,1.15,1.05,1.09,1.19,NaN,NaN,1.345,0.933,1.03,1.13,NaN,NaN,NaN,NaN,NaN,NaN,NaN,NaN,NaN,2.517,NaN,2.79,NaN,NaN,NaN,2.465,NaN,NaN,NaN
93年12月,1.149,1.2,1.33,1.38,1.08,1.12,1.21,1.1,1.19,1.07,1.09,1.11,NaN,1.175,NaN,0.933,1.044,1.162,1.381,NaN,NaN,2.53,NaN,NaN,NaN,NaN,NaN,2.5,NaN,2.99,NaN,NaN,2.07,2.421,NaN,NaN,NaN
94年,1.312,1.33,1.43,1.56,1.25,1.27,1.36,1.26,1.3,1.23,1.23,1.28,1.345,1.285,1.54,1.124,1.207,1.246,1.7,1.85,NaN,1.95,2.17,NaN,4.25,1.76,NaN,1.98,NaN,2.39,2.3,NaN,NaN,2.29,NaN,NaN,NaN
94年1月,1.202,1.24,1.35,1.41,1.12,1.18,1.28,1.14,1.18,1.12,1.1,1.3,NaN,NaN,NaN,0.938,1.042,1.147,NaN,1.9,NaN,NaN,NaN,NaN,NaN,1.984,NaN,2.188,NaN,NaN,NaN,NaN,NaN,2.13,NaN,NaN,NaN
94年2月,1.203,1.23,1.39,1.42,1.12,1.19,1.18,1.14,1.19,1.13,1.16,1.15,NaN,NaN,NaN,0.937,1.039,1.174,NaN,NaN,NaN,NaN,NaN,NaN,4.25,NaN,NaN,NaN,NaN,NaN,NaN,NaN,NaN,1.97,NaN,NaN,NaN
94年3月,1.221,1.24,1.35,1.51,1.14,1.18,1.24,1.16,1.18,1.13,1.16,1.44,NaN,1.27,NaN,0.947,1.052,1.085,NaN,NaN,NaN,2.315,NaN,NaN,NaN,NaN,NaN,NaN,NaN,NaN,NaN,NaN,NaN,1.96,NaN,NaN,NaN
94年4月,1.267,1.3,1.39,1.49,1.19,1.21,1.42,1.2,1.25,1.18,1.2,1.18,1.25,NaN,NaN,0.993,1.085,1.169,NaN,1.84,NaN,NaN,NaN,NaN,NaN,1.59,NaN,2.022,NaN,NaN,2.41,NaN,NaN,2.06,NaN,NaN,NaN
94年5月,1.266,1.27,1.4,1.55,1.21,1.21,1.28,1.22,1.23,1.17,1.18,1.19,NaN,1.3,NaN,1.031,1.111,1.186,NaN,NaN,NaN,NaN,2.293,NaN,4.25,1.59,NaN,1.87,NaN,2.522,2.41,NaN,NaN,2.02,NaN,NaN,NaN
94年6月,1.265,1.28,1.36,1.54,1.24,1.23,1.29,1.25,1.3,1.19,1.16,1.2,NaN,NaN,NaN,1.111,1.188,1.17,NaN,NaN,NaN,1.89,NaN,NaN,NaN,1.57,NaN,1.967,NaN,2.514,NaN,NaN,NaN,2.75,NaN,NaN,NaN
94年7月,1.324,1.31,1.37,1.59,1.26,1.27,1.44,1.27,1.36,1.24,1.22,1.26,NaN,NaN,NaN,1.153,1.239,1.265,NaN,1.838,NaN,NaN,NaN,NaN,NaN,3.5,NaN,1.888,NaN,2.053,2.204,NaN,NaN,2,NaN,NaN,NaN
94年8月,1.324,1.34,1.41,1.57,1.27,1.3,1.37,1.27,1.32,1.24,1.26,1.37,NaN,NaN,NaN,1.185,1.27,1.269,1.7,NaN,NaN,NaN,NaN,NaN,NaN,NaN,NaN,1.952,NaN,NaN,NaN,NaN,NaN,NaN,NaN,NaN,NaN
94年9月,1.365,1.44,1.48,1.7,1.31,1.34,1.42,1.32,1.35,1.27,1.27,1.23,NaN,NaN,NaN,1.241,1.297,1.302,NaN,NaN,NaN,1.738,NaN,NaN,4.25,NaN,NaN,2.004,NaN,2.25,2.37,NaN,NaN,NaN,NaN,NaN,NaN
94年10月,1.388,1.42,1.48,1.67,1.35,1.36,1.46,1.35,1.44,1.3,1.3,1.3,NaN,NaN,NaN,1.302,1.356,1.35,NaN,1.76,NaN,NaN,NaN,NaN,4.25,NaN,NaN,1.929,NaN,NaN,NaN,NaN,NaN,2.451,NaN,NaN,NaN
94年11月,1.387,1.39,1.53,1.68,1.35,1.39,1.46,1.37,1.39,1.38,1.32,1.38,NaN,NaN,1.54,1.317,1.379,1.347,NaN,NaN,NaN,NaN,2.014,NaN,NaN,NaN,NaN,NaN,NaN,2.7,NaN,NaN,NaN,2.666,NaN,NaN,NaN
94年12月,1.406,1.5,1.6,1.63,1.38,1.4,1.51,1.4,1.4,1.38,1.39,1.33,1.44,NaN,NaN,1.337,1.422,1.487,NaN,1.95,NaN,1.85,NaN,NaN,NaN,NaN,NaN,2.012,NaN,2.461,2.287,2.15,NaN,2.25,NaN,NaN,NaN
95年,1.552,1.6,1.71,1.85,1.53,1.54,1.64,1.52,1.58,1.5,1.54,1.57,NaN,1.657,NaN,1.432,1.481,1.476,NaN,1.89,NaN,2,NaN,NaN,NaN,1.99,NaN,2.15,NaN,2.35,2.05,NaN,NaN,2.13,1.84,NaN,NaN
95年1月,1.446,1.49,1.64,1.7,1.41,1.43,1.47,1.42,1.51,1.39,1.44,1.4,NaN,NaN,NaN,1.342,1.403,1.386,NaN,1.757,NaN,NaN,NaN,NaN,NaN,2.046,NaN,2.08,NaN,NaN,NaN,NaN,NaN,2.38,NaN,NaN,NaN
95年2月,1.449,1.51,1.68,1.79,1.41,1.44,1.49,1.43,1.46,1.4,1.32,1.39,NaN,NaN,NaN,1.359,1.415,1.377,NaN,NaN,NaN,NaN,NaN,NaN,NaN,NaN,NaN,NaN,NaN,NaN,NaN,NaN,NaN,NaN,1.704,NaN,NaN
95年3月,1.45,1.54,1.72,1.84,1.45,1.44,1.59,1.44,1.56,1.41,1.48,1.37,NaN,NaN,NaN,1.359,1.435,1.479,NaN,NaN,NaN,1.798,NaN,NaN,NaN,NaN,NaN,1.948,NaN,NaN,NaN,NaN,NaN,1.83,1.715,NaN,NaN
95年4月,1.516,1.6,1.67,1.87,1.52,1.48,1.63,1.47,1.47,1.43,1.53,1.47,NaN,1.538,NaN,1.384,1.444,1.437,NaN,1.788,NaN,NaN,NaN,NaN,NaN,NaN,NaN,1.93,NaN,NaN,NaN,NaN,NaN,NaN,1.773,NaN,NaN
95年5月,1.517,1.52,1.67,1.84,1.48,1.5,1.68,1.48,1.5,1.47,1.54,1.67,NaN,NaN,NaN,1.39,1.441,1.454,NaN,NaN,NaN,NaN,NaN,NaN,NaN,1.96,NaN,1.85,NaN,NaN,1.97,NaN,NaN,1.93,1.846,NaN,NaN
95年6月,1.533,1.6,1.65,1.79,1.5,1.53,1.64,1.51,1.57,1.49,1.51,1.52,NaN,NaN,NaN,1.399,1.46,1.497,NaN,NaN,NaN,2.254,NaN,NaN,NaN,NaN,NaN,2.317,NaN,2.85,NaN,NaN,NaN,2.45,1.891,NaN,NaN
95年7月,1.586,1.6,1.72,1.82,1.54,1.55,1.68,1.54,1.62,1.52,1.56,1.68,NaN,NaN,NaN,1.403,1.468,1.472,NaN,2.054,NaN,NaN,NaN,NaN,NaN,NaN,NaN,2.268,NaN,NaN,NaN,NaN,NaN,NaN,1.914,NaN,NaN
95年8月,1.587,1.61,1.7,1.87,1.58,1.56,1.63,1.54,1.62,1.53,1.5,1.56,NaN,NaN,NaN,1.44,1.484,1.479,NaN,NaN,NaN,NaN,NaN,NaN,NaN,NaN,NaN,2.331,NaN,2.35,2.49,NaN,NaN,2.19,1.878,NaN,NaN
95年9月,1.595,1.65,1.76,1.94,1.58,1.58,1.68,1.58,1.62,1.54,1.58,1.85,NaN,NaN,NaN,1.485,1.517,1.531,NaN,NaN,NaN,1.98,NaN,NaN,NaN,NaN,NaN,2.218,NaN,NaN,NaN,NaN,NaN,NaN,1.839,NaN,NaN
95年10月,1.658,1.68,1.73,1.94,1.61,1.62,1.69,1.59,1.66,1.59,1.63,1.57,NaN,NaN,NaN,1.526,1.55,1.534,NaN,1.936,NaN,NaN,NaN,NaN,NaN,NaN,NaN,2.217,NaN,2.32,NaN,NaN,NaN,2.09,1.849,NaN,NaN
95年11月,1.663,1.67,1.79,1.94,1.63,1.65,1.74,1.6,1.68,1.58,1.69,1.66,NaN,NaN,NaN,1.539,1.565,1.544,NaN,NaN,NaN,NaN,NaN,NaN,NaN,2.06,NaN,2.125,NaN,2.182,2.317,NaN,NaN,2.11,1.851,NaN,NaN
95年12月,1.661,1.74,1.78,1.89,1.64,1.66,1.79,1.63,1.69,1.6,1.67,1.71,NaN,1.775,NaN,1.554,1.585,1.518,NaN,NaN,NaN,1.975,NaN,NaN,NaN,1.97,NaN,2.163,NaN,2.17,2.3,NaN,NaN,NaN,1.87,NaN,NaN
96年,1.998,2.12,2.18,2.13,1.89,1.9,1.96,1.85,1.91,1.85,1.85,1.83,NaN,NaN,2.045,1.758,1.809,1.737,NaN,1.778,NaN,2.343,NaN,NaN,NaN,2.469,NaN,2.28,2.12,2.928,NaN,NaN,2.83,2.341,2.306,NaN,NaN
96年1月,1.689,1.75,1.81,1.92,1.67,1.67,1.79,1.63,1.74,1.66,1.64,1.68,NaN,NaN,NaN,1.572,1.608,1.581,NaN,1.905,NaN,NaN,NaN,NaN,NaN,NaN,NaN,2.23,NaN,NaN,NaN,NaN,NaN,NaN,NaN,NaN,NaN
96年2月,1.691,1.8,1.88,1.9,1.66,1.66,1.73,1.66,1.68,1.64,1.65,NaN,NaN,NaN,1.77,1.56,1.62,1.55,NaN,NaN,NaN,NaN,NaN,NaN,NaN,NaN,NaN,2.2,NaN,NaN,NaN,NaN,NaN,2.11,NaN,NaN,NaN
96年3月,1.703,1.76,1.83,1.92,1.68,1.69,1.74,1.67,1.74,1.67,1.69,1.73,NaN,NaN,NaN,1.59,1.62,1.61,NaN,NaN,NaN,1.934,NaN,NaN,NaN,NaN,NaN,2.17,NaN,NaN,NaN,NaN,NaN,2.1,1.838,NaN,NaN
96年4月,1.725,1.82,1.86,1.9,1.71,1.72,1.72,1.69,1.71,1.69,1.65,1.85,NaN,NaN,NaN,1.6,1.65,1.58,NaN,1.914,NaN,NaN,NaN,NaN,NaN,NaN,NaN,NaN,2.12,2.17,NaN,NaN,NaN,NaN,1.896,NaN,NaN
96年5月,2.132,1.86,1.86,1.92,1.82,1.82,1.8,1.76,1.77,1.74,1.73,1.76,NaN,NaN,NaN,1.67,1.7,1.61,NaN,NaN,NaN,2.3,NaN,NaN,NaN,NaN,NaN,2.192,NaN,NaN,NaN,NaN,NaN,2.3,1.949,NaN,NaN
96年6月,2.496,2.73,2.65,2.26,2.33,2.25,2.31,2.18,2.27,2.28,2.14,1.86,NaN,NaN,NaN,2.11,2.04,1.89,NaN,NaN,NaN,2.58,NaN,NaN,NaN,2.05,NaN,2.115,NaN,NaN,NaN,NaN,NaN,2.642,2.799,NaN,NaN
96年7月,2.006,2.29,2.36,2.31,1.98,1.97,2.09,1.92,2.04,1.93,1.9,1.63,NaN,NaN,NaN,1.79,1.91,1.83,NaN,2.53,NaN,NaN,NaN,NaN,NaN,2.13,NaN,2.129,NaN,NaN,NaN,NaN,NaN,NaN,2.497,NaN,NaN
96年8月,2.007,2.26,2.4,2.36,1.93,1.99,2.17,1.91,1.93,1.85,1.96,1.77,NaN,NaN,NaN,1.805,1.89,1.775,NaN,NaN,NaN,NaN,NaN,NaN,NaN,2.578,NaN,NaN,NaN,NaN,NaN,NaN,NaN,NaN,2.522,NaN,NaN
96年9月,2.019,2.31,2.41,2.25,1.94,1.99,2.01,1.92,1.94,1.91,1.91,NaN,NaN,NaN,NaN,1.8,1.88,1.81,NaN,NaN,NaN,2.42,NaN,NaN,NaN,2.645,NaN,2.7,NaN,NaN,NaN,NaN,NaN,NaN,2.463,NaN,NaN
96年10月,2.038,2.3,2.4,2.25,1.99,2.02,2.04,1.95,2.04,1.96,1.98,1.92,NaN,NaN,NaN,1.83,1.9,1.8,NaN,2.67,NaN,NaN,NaN,NaN,NaN,2.62,NaN,NaN,NaN,NaN,NaN,NaN,NaN,NaN,2.486,NaN,NaN
96年11月,2.038,2.3,2.36,2.38,1.98,2.04,2.08,1.94,2.02,1.97,1.97,2.02,NaN,NaN,NaN,1.87,1.93,1.87,NaN,NaN,NaN,NaN,NaN,NaN,NaN,2.8,NaN,2.685,NaN,NaN,NaN,NaN,2.83,2.86,2.484,NaN,NaN
96年12月,2.054,2.31,2.38,2.24,1.98,2.03,2.04,1.95,1.98,1.94,1.94,2.05,NaN,NaN,2.32,1.9,1.96,1.94,NaN,NaN,NaN,2.509,NaN,NaN,NaN,2.7,NaN,2.975,NaN,3.11,NaN,NaN,NaN,NaN,2.384,NaN,NaN
97年,2.014,2.2,2.25,2.27,1.88,1.92,1.97,1.88,1.99,1.87,1.87,1.95,NaN,1.798,1.873,1.678,1.757,1.784,NaN,2.31,NaN,2.18,NaN,NaN,NaN,2.538,NaN,2.547,NaN,2.937,2.758,2.567,2.828,2.1,2.274,NaN,NaN
97年1月,2.088,2.27,2.34,2.17,2,2.05,2.05,1.97,1.99,1.99,2,NaN,NaN,2.16,2.24,1.89,1.96,1.93,NaN,2.49,NaN,NaN,NaN,NaN,NaN,NaN,NaN,2.71,NaN,NaN,NaN,NaN,NaN,2.57,NaN,NaN,NaN
97年2月,2.082,2.26,2.35,2.3,2,2.01,2.03,1.98,2.02,2,1.99,1.97,NaN,2.1,2.16,1.88,1.94,1.87,NaN,NaN,NaN,NaN,NaN,NaN,NaN,2.63,NaN,2.78,NaN,NaN,NaN,NaN,NaN,NaN,NaN,NaN,NaN
97年3月,2.084,2.24,2.33,2.3,2,2.04,2.05,1.98,2.14,2,2,NaN,NaN,NaN,2.1,1.81,1.87,1.89,NaN,NaN,NaN,2.432,NaN,NaN,NaN,NaN,NaN,NaN,NaN,NaN,NaN,NaN,3,NaN,2.204,NaN,NaN
97年4月,2.105,2.26,2.35,2.41,2,2.04,2.08,2.03,2.11,1.99,2.01,1.89,NaN,2.13,2.15,1.73,1.81,1.86,NaN,2.245,NaN,NaN,NaN,NaN,NaN,NaN,NaN,2.6,NaN,2.824,2.917,NaN,2.72,2,2.235,NaN,NaN
97年5月,2.101,2.27,2.36,2.46,2,2.03,2.08,2,2.08,1.98,2.05,2.01,NaN,NaN,NaN,1.7,1.81,1.88,NaN,NaN,NaN,NaN,NaN,NaN,NaN,2.565,NaN,2.83,NaN,NaN,NaN,NaN,2.86,NaN,2.287,NaN,NaN
97年6月,2.105,2.29,2.35,2.31,2,2.06,2.13,2.02,2.07,2,2.05,2.02,NaN,NaN,NaN,1.75,1.85,1.91,NaN,NaN,NaN,2.716,NaN,NaN,NaN,2.483,NaN,2.681,NaN,2.944,NaN,2.9,2.775,NaN,2.388,NaN,NaN
97年7月,2.166,2.27,2.32,2.33,2.03,2.07,2.13,2.04,2.21,2.02,2.03,1.97,NaN,NaN,NaN,1.77,1.85,1.88,NaN,2.52,NaN,NaN,NaN,NaN,NaN,2.7,NaN,2.885,NaN,2.99,NaN,NaN,NaN,NaN,NaN,NaN,NaN
97年8月,2.158,2.26,2.29,2.35,2.03,2.06,2.14,2.03,2.1,2.05,2,1.97,NaN,NaN,NaN,1.78,1.86,1.93,NaN,NaN,NaN,NaN,NaN,NaN,NaN,2.95,NaN,2.85,NaN,3.3,NaN,NaN,NaN,NaN,2.308,NaN,NaN
97年9月,2.092,2.25,2.3,2.35,2.01,2.03,2.04,2,2.01,1.98,1.97,1.99,NaN,NaN,NaN,1.79,1.87,1.88,NaN,NaN,NaN,2.243,NaN,NaN,NaN,2.65,NaN,2.9,NaN,3.219,NaN,2.5,NaN,NaN,2.223,NaN,NaN
97年10月,1.926,2.2,2.23,2.29,1.92,1.97,1.98,1.94,2.01,1.87,1.95,1.97,NaN,NaN,NaN,1.74,1.81,1.74,NaN,1.95,NaN,NaN,NaN,NaN,NaN,2.65,NaN,NaN,NaN,NaN,NaN,NaN,NaN,NaN,NaN,NaN,NaN
97年11月,1.41,2.04,2.05,2.17,1.57,1.64,1.86,1.6,1.65,1.63,1.67,1.8,NaN,NaN,1.89,1.48,1.54,1.56,NaN,NaN,NaN,NaN,NaN,NaN,NaN,NaN,NaN,2.705,NaN,2.825,NaN,NaN,NaN,NaN,NaN,NaN,NaN
97年12月,0.872,1.73,1.77,1.74,1,1.07,1.07,0.99,1.46,0.92,0.77,NaN,NaN,0.8,0.7,0.818,0.916,1.075,NaN,NaN,NaN,1.404,NaN,NaN,NaN,2.607,NaN,2.344,NaN,2.905,2.612,NaN,NaN,NaN,NaN,NaN,NaN
98年,0.109,0.58,0.68,0.71,0.21,0.24,0.29,0.24,0.36,0.22,0.21,0.19,0.249,0.156,0.257,0.158,0.211,0.29,NaN,1.07,NaN,1.51,NaN,NaN,NaN,2.177,NaN,1.708,NaN,2.262,1.92,NaN,NaN,2.1,NaN,NaN,NaN
98年1月,0.233,1.27,1.32,1.62,0.42,0.44,0.57,0.46,0.51,0.52,0.28,NaN,0.66,NaN,0.402,0.28,0.37,0.53,NaN,0.97,NaN,NaN,NaN,NaN,NaN,NaN,NaN,2.02,NaN,NaN,NaN,NaN,NaN,NaN,NaN,NaN,NaN
98年2月,0.143,0.95,0.87,0.61,0.25,0.34,0.28,0.28,0.35,0.22,0.27,0.25,NaN,0.185,NaN,0.19,0.26,0.4,NaN,NaN,NaN,NaN,NaN,NaN,NaN,NaN,NaN,1.88,NaN,NaN,NaN,NaN,NaN,2.1,NaN,NaN,NaN
98年3月,0.137,0.63,0.86,0.67,0.19,0.19,0.2,0.18,0.17,0.21,0.26,0.12,NaN,NaN,0.2,0.15,0.21,0.34,NaN,NaN,NaN,1.45,NaN,NaN,NaN,NaN,NaN,NaN,NaN,NaN,NaN,NaN,NaN,NaN,NaN,NaN,NaN
98年4月,0.131,0.63,0.74,0.71,0.16,0.18,0.17,0.16,0.25,0.2,0.15,NaN,0.086,NaN,0.195,0.14,0.17,0.27,NaN,1.091,NaN,NaN,NaN,NaN,NaN,3.4,NaN,1.973,NaN,1.87,NaN,NaN,NaN,NaN,NaN,NaN,NaN
98年5月,0.097,0.62,0.67,0.73,0.16,0.16,0.25,0.2,0.33,0.2,0.15,NaN,NaN,0.12,NaN,0.14,0.17,0.23,NaN,NaN,NaN,NaN,NaN,NaN,NaN,NaN,NaN,1.85,NaN,NaN,NaN,NaN,NaN,NaN,NaN,NaN,NaN
98年6月,0.097,0.4,0.43,0.63,0.15,0.16,0.17,0.18,0.26,0.17,0.14,0.13,NaN,NaN,NaN,0.14,0.17,0.26,NaN,NaN,NaN,1.63,NaN,NaN,NaN,3.4,NaN,3.6,NaN,NaN,NaN,NaN,NaN,NaN,NaN,NaN,NaN
98年7月,0.1,0.39,0.51,0.66,0.15,0.16,0.2,0.21,0.38,0.16,0.18,NaN,NaN,NaN,NaN,0.13,0.17,0.23,NaN,0.994,NaN,NaN,NaN,NaN,NaN,NaN,NaN,1.57,NaN,NaN,NaN,NaN,NaN,NaN,NaN,NaN,NaN
98年8月,0.101,0.41,0.74,0.41,0.19,0.22,0.23,0.23,0.38,0.19,0.21,NaN,NaN,NaN,NaN,0.14,0.17,0.25,NaN,NaN,NaN,NaN,NaN,NaN,NaN,0.97,NaN,1.665,NaN,1.728,NaN,NaN,NaN,NaN,NaN,NaN,NaN
98年9月,0.1,0.37,0.45,0.8,0.19,0.24,0.29,0.23,0.36,0.18,0.27,NaN,0.139,0.142,NaN,0.14,0.19,0.23,NaN,NaN,NaN,1.494,NaN,NaN,NaN,NaN,NaN,1.858,NaN,NaN,NaN,NaN,NaN,NaN,NaN,NaN,NaN
98年10月,0.101,0.4,0.41,0.48,0.21,0.22,0.32,0.22,0.61,0.21,0.23,0.16,NaN,NaN,0.24,0.14,0.19,0.24,NaN,0.8,NaN,NaN,NaN,NaN,NaN,1.63,NaN,1.61,NaN,2.65,1.95,NaN,NaN,NaN,NaN,NaN,NaN
98年11月,0.104,0.42,0.57,0.74,0.22,0.24,0.34,0.26,0.35,0.21,0.18,0.25,0.18,NaN,0.259,0.14,0.21,0.21,NaN,NaN,NaN,NaN,NaN,NaN,NaN,0.85,NaN,1.365,NaN,1.55,1.78,NaN,NaN,NaN,NaN,NaN,NaN
98年12月,0.106,0.43,0.56,0.5,0.25,0.27,0.4,0.29,0.35,0.22,0.19,0.23,0.18,0.178,0.247,0.17,0.25,0.29,NaN,NaN,NaN,1.46,NaN,NaN,NaN,1.191,NaN,1.366,NaN,1.4,1.991,NaN,NaN,NaN,NaN,NaN,NaN
99年,0.185,0.47,0.58,0.6,0.33,0.38,0.46,0.36,0.5,0.31,0.35,0.32,0.323,0.445,0.612,0.292,0.326,0.324,NaN,1.01,NaN,1.39,NaN,NaN,0.98,1.776,NaN,1.522,NaN,1.834,1.676,0.71,0.57,1.388,0.698,NaN,NaN
99年1月,0.108,0.4,0.52,0.45,0.24,0.3,0.41,0.28,0.61,0.23,0.31,NaN,0.18,NaN,NaN,0.18,0.24,0.3,NaN,0.979,NaN,NaN,NaN,NaN,NaN,1.65,NaN,1.786,NaN,2.51,NaN,NaN,NaN,NaN,NaN,NaN,NaN
99年2月,0.104,0.43,0.59,0.38,0.25,0.27,0.37,0.31,0.71,0.19,0.27,0.23,NaN,0.18,NaN,0.19,0.24,0.25,NaN,NaN,NaN,NaN,NaN,NaN,NaN,1.45,NaN,1.931,NaN,NaN,NaN,NaN,NaN,NaN,NaN,NaN,NaN
99年3月,0.13,0.42,0.51,0.69,0.26,0.33,0.47,0.3,0.42,0.24,0.31,0.29,NaN,NaN,0.69,0.21,0.26,0.28,NaN,NaN,NaN,1.399,NaN,NaN,NaN,NaN,NaN,1.8,NaN,2,NaN,NaN,NaN,1.6,NaN,NaN,NaN
99年4月,0.164,0.43,0.6,0.74,0.3,0.35,0.46,0.33,0.48,0.28,0.27,0.29,NaN,0.5,NaN,0.24,0.28,0.29,NaN,1.007,NaN,NaN,NaN,NaN,NaN,1.08,NaN,1.493,NaN,1.75,1.85,NaN,NaN,NaN,0.745,NaN,NaN
99年5月,0.174,0.42,0.51,0.59,0.3,0.33,0.39,0.31,0.43,0.28,0.31,0.25,NaN,NaN,0.57,0.26,0.3,0.3,NaN,NaN,NaN,NaN,NaN,NaN,0.98,2.8,NaN,1.55,NaN,NaN,NaN,NaN,NaN,1.6,0.704,NaN,NaN
99年6月,0.183,0.44,0.71,0.58,0.31,0.35,0.37,0.33,0.41,0.3,0.32,NaN,NaN,NaN,NaN,0.27,0.32,0.3,NaN,NaN,NaN,1.457,NaN,NaN,NaN,1.459,NaN,1.52,NaN,1.75,1.83,NaN,NaN,0.59,0.671,NaN,NaN
99年7月,0.196,0.44,0.51,0.55,0.34,0.39,0.46,0.33,0.48,0.3,0.36,0.38,0.36,NaN,NaN,0.3,0.34,0.32,NaN,1.011,NaN,NaN,NaN,NaN,NaN,NaN,NaN,1.514,NaN,1.968,1.79,NaN,NaN,NaN,0.729,NaN,NaN
99年8月,0.203,0.47,0.54,0.58,0.35,0.39,0.43,0.37,0.44,0.32,0.4,NaN,NaN,NaN,0.45,0.33,0.35,0.34,NaN,NaN,NaN,NaN,NaN,NaN,NaN,NaN,NaN,1.498,NaN,1.64,1.71,NaN,0.57,NaN,0.688,NaN,NaN
99年9月,0.21,0.47,0.62,0.63,0.37,0.42,0.55,0.41,0.46,0.35,0.39,NaN,NaN,0.55,NaN,0.35,0.36,0.35,NaN,NaN,NaN,1.228,NaN,NaN,NaN,NaN,NaN,1.495,NaN,1.47,1.64,NaN,NaN,NaN,0.624,NaN,NaN
99年10月,0.226,0.51,0.55,0.63,0.41,0.45,0.49,0.45,0.65,0.42,0.43,NaN,NaN,NaN,0.65,0.38,0.4,0.39,NaN,0.903,NaN,NaN,NaN,NaN,NaN,NaN,NaN,1.249,NaN,NaN,1.43,NaN,NaN,NaN,0.715,NaN,NaN
99年11月,0.231,0.57,0.64,0.64,0.43,0.46,0.48,0.45,0.48,0.42,0.42,NaN,0.43,0.55,NaN,0.39,0.41,0.38,NaN,NaN,NaN,NaN,NaN,NaN,NaN,1.6,NaN,1.282,NaN,1.29,NaN,0.71,NaN,NaN,0.688,NaN,NaN
99年12月,0.239,0.6,0.65,0.69,0.44,0.49,0.65,0.43,0.45,0.43,0.38,0.49,NaN,NaN,0.7,0.4,0.41,0.39,NaN,NaN,NaN,1.471,NaN,NaN,NaN,NaN,NaN,1.43,NaN,1.808,1.6,NaN,NaN,NaN,0.722,NaN,NaN
100年,0.341,0.79,0.85,0.97,0.66,0.7,0.81,0.67,0.73,0.62,0.64,0.52,0.566,0.763,0.832,0.604,0.587,0.541,NaN,1.107,NaN,1.365,NaN,NaN,NaN,1.449,NaN,1.408,1.75,1.675,1.668,0.906,1.21,1.467,0.948,NaN,NaN
100年1月,0.257,0.63,0.68,0.7,0.49,0.55,0.58,0.48,0.62,0.48,0.5,0.51,0.411,NaN,NaN,0.444,0.458,0.434,NaN,1.11,NaN,NaN,NaN,NaN,NaN,NaN,NaN,1.286,NaN,NaN,NaN,NaN,NaN,NaN,0.799,NaN,NaN
100年2月,0.262,0.65,0.66,0.75,0.5,0.54,0.64,0.52,0.51,0.47,0.5,0.55,NaN,0.71,NaN,0.45,0.48,0.4,NaN,NaN,NaN,NaN,NaN,NaN,NaN,NaN,NaN,NaN,NaN,NaN,NaN,NaN,NaN,NaN,0.839,NaN,NaN
100年3月,0.274,0.68,0.73,1.02,0.52,0.59,0.73,0.53,0.56,0.5,0.51,NaN,NaN,NaN,0.77,0.47,0.48,0.44,NaN,NaN,NaN,1.38,NaN,NaN,NaN,NaN,NaN,1.47,NaN,NaN,NaN,NaN,1.23,1.55,0.877,NaN,NaN
100年4月,0.296,0.78,0.82,0.91,0.6,0.65,0.79,0.62,0.71,0.53,0.5,0.46,NaN,NaN,0.84,0.53,0.52,0.49,NaN,1.075,NaN,NaN,NaN,NaN,NaN,NaN,NaN,1.4,NaN,1.6,1.69,NaN,NaN,NaN,0.935,NaN,NaN
100年5月,0.319,0.77,0.82,0.86,0.63,0.68,0.87,0.66,0.64,0.59,0.59,0.46,0.65,NaN,NaN,0.56,0.57,0.49,NaN,NaN,NaN,NaN,NaN,NaN,NaN,NaN,NaN,1.413,NaN,NaN,NaN,0.815,1.17,1.408,0.975,NaN,NaN
100年6月,0.344,0.8,0.86,1.05,0.66,0.71,0.83,0.67,0.71,0.6,0.63,0.52,NaN,NaN,NaN,0.61,0.59,0.49,NaN,NaN,NaN,1.475,NaN,NaN,NaN,1.295,NaN,1.461,NaN,1.691,1.668,0.926,1.19,1.45,1.01,NaN,NaN
100年7月,0.375,0.84,0.89,1.23,0.73,0.73,0.86,0.75,0.85,0.73,0.78,0.55,NaN,NaN,NaN,0.65,0.62,0.62,NaN,1.18,NaN,NaN,NaN,NaN,NaN,NaN,NaN,1.499,1.75,1.65,1.75,NaN,NaN,NaN,1.049,NaN,NaN
100年8月,0.388,0.88,0.87,1.03,0.74,0.77,0.79,0.74,0.79,0.68,0.68,0.6,NaN,NaN,0.855,0.68,0.65,0.61,NaN,NaN,NaN,NaN,NaN,NaN,NaN,1.75,NaN,1.446,NaN,2.2,NaN,NaN,NaN,NaN,1.054,NaN,NaN
100年9月,0.394,0.84,0.98,0.95,0.76,0.8,0.91,0.77,0.82,0.7,0.81,NaN,0.637,NaN,NaN,0.69,0.65,0.62,NaN,NaN,NaN,1.288,NaN,NaN,NaN,NaN,NaN,1.42,NaN,1.617,1.7,1.09,NaN,NaN,0.995,NaN,NaN
100年10月,0.395,0.87,0.92,1.12,0.75,0.82,0.86,0.76,0.83,0.76,0.74,NaN,NaN,0.77,NaN,0.71,0.65,0.64,NaN,1.08,NaN,NaN,NaN,NaN,NaN,NaN,NaN,1.367,NaN,1.622,1.65,NaN,NaN,NaN,0.984,NaN,NaN
100年11月,0.396,0.88,1,1.04,0.75,0.81,1.02,0.78,0.89,0.7,0.75,NaN,NaN,NaN,0.85,0.72,0.68,0.62,NaN,NaN,NaN,NaN,NaN,NaN,NaN,NaN,NaN,1.344,NaN,1.48,1.61,NaN,NaN,NaN,0.96,NaN,NaN
100年12月,0.4,0.88,0.98,1,0.75,0.79,0.84,0.78,0.86,0.72,NaN,NaN,NaN,0.81,0.845,0.73,0.7,0.64,NaN,NaN,NaN,1.297,NaN,NaN,NaN,1.24,NaN,1.336,NaN,1.46,1.589,NaN,NaN,NaN,0.898,NaN,NaN
101年,0.428,0.85,0.9,0.92,0.76,0.79,0.85,0.77,0.8,0.77,0.76,NaN,0.715,0.694,0.747,0.731,0.73,0.654,NaN,0.96,NaN,1.21,NaN,NaN,3.5,1.43,2.05,1.35,NaN,1.53,1.49,1.05,1.09,1.25,0.85,NaN,NaN
101年1月,0.403,0.87,1.04,1,0.75,0.79,0.83,0.77,0.78,0.84,NaN,NaN,NaN,NaN,NaN,0.73,0.73,0.65,NaN,1,NaN,NaN,NaN,NaN,3.5,2,NaN,1.285,NaN,1.46,NaN,1.056,1.09,1.25,0.899,NaN,NaN
101年2月,0.399,0.87,0.95,0.97,0.75,0.79,0.89,0.77,0.85,0.8,0.76,NaN,NaN,NaN,NaN,0.73,0.75,0.64,NaN,NaN,NaN,NaN,NaN,NaN,NaN,NaN,NaN,1.36,NaN,1.66,1.8,1,NaN,NaN,0.887,NaN,NaN
101年3月,0.402,0.84,0.88,0.94,0.75,0.79,0.88,0.77,0.78,0.76,0.77,NaN,NaN,NaN,NaN,0.73,0.73,0.66,NaN,NaN,NaN,1.27,NaN,NaN,NaN,1.15,2.08,1.6,NaN,1.42,NaN,NaN,NaN,NaN,0.88,NaN,NaN
101年4月,0.476,0.85,0.89,0.95,0.74,0.79,0.86,0.77,0.77,0.8,0.73,NaN,0.8,NaN,NaN,0.72,0.74,0.65,NaN,1.029,NaN,NaN,NaN,NaN,NaN,NaN,NaN,1.25,NaN,1.37,1.5,NaN,NaN,NaN,0.89,NaN,NaN
101年5月,0.512,0.86,0.9,0.94,0.77,0.81,0.88,0.79,0.79,0.77,0.84,NaN,NaN,0.835,NaN,0.73,0.72,0.66,NaN,NaN,NaN,1.27,NaN,NaN,NaN,NaN,NaN,1.3,NaN,1.87,NaN,1.05,NaN,1.25,0.89,NaN,NaN
101年6月,0.513,0.86,0.93,0.94,0.78,0.82,0.88,0.79,0.82,0.73,0.77,NaN,NaN,NaN,0.834,0.74,0.75,0.66,NaN,NaN,NaN,1.21,NaN,NaN,NaN,1.3,NaN,1.37,NaN,1.87,1.5,NaN,NaN,NaN,0.88,NaN,NaN
101年7月,0.445,0.86,0.88,0.92,0.77,0.8,0.88,0.78,0.81,0.77,0.65,NaN,NaN,NaN,0.77,0.737,0.745,0.66,NaN,0.88,NaN,NaN,NaN,NaN,NaN,NaN,NaN,1.32,NaN,1.43,NaN,NaN,NaN,NaN,0.87,NaN,NaN
101年8月,0.388,0.84,0.87,0.9,0.77,0.8,0.84,0.77,0.81,0.74,0.8,NaN,NaN,NaN,0.78,0.741,0.726,0.666,NaN,NaN,NaN,NaN,NaN,NaN,NaN,1.19,NaN,1.3,NaN,1.4,1.5,NaN,NaN,NaN,0.85,NaN,NaN
101年9月,0.389,0.83,0.87,0.88,0.78,0.79,0.84,0.79,0.8,0.76,0.74,NaN,0.63,NaN,NaN,0.736,0.741,0.655,NaN,NaN,NaN,1.19,NaN,NaN,NaN,NaN,NaN,1.26,NaN,1.37,1.42,NaN,NaN,NaN,0.83,NaN,NaN
101年10月,0.388,0.84,0.87,0.88,0.77,0.78,0.83,0.78,0.8,0.73,0.79,NaN,NaN,0.63,NaN,0.733,0.722,0.656,NaN,0.91,NaN,NaN,NaN,NaN,NaN,NaN,NaN,1.33,NaN,1.34,1.47,NaN,NaN,NaN,0.81,NaN,NaN
101年11月,0.386,0.82,0.84,0.84,0.76,0.77,0.81,0.76,0.81,0.76,0.73,NaN,NaN,NaN,0.65,0.726,0.714,0.656,NaN,NaN,NaN,NaN,NaN,NaN,NaN,NaN,NaN,1.28,NaN,1.34,1.44,NaN,NaN,NaN,0.76,NaN,NaN
101年12月,0.388,0.83,0.85,0.82,0.74,0.76,0.79,0.74,0.77,0.74,0.79,NaN,NaN,0.618,0.7,0.716,0.695,0.633,NaN,NaN,NaN,1.15,NaN,NaN,NaN,NaN,1,1.23,NaN,1.35,1.45,NaN,NaN,NaN,0.73,NaN,NaN
102年,0.386,0.78,0.81,0.77,0.67,0.69,0.73,0.67,0.7,0.67,0.7,0.7,0.383,0.52,0.552,0.639,0.657,0.59,NaN,1.01,NaN,1.53,1.49,2.3,3,1.34,1.3,1.37,1.54,1.5,1.69,NaN,NaN,1.33,0.66,0.77,NaN
102年1月,0.387,0.82,0.85,0.83,0.73,0.75,0.78,0.72,0.78,0.73,0.74,0.73,NaN,0.63,NaN,0.7,0.708,0.609,NaN,0.91,NaN,NaN,1.49,NaN,NaN,NaN,NaN,1.33,NaN,1.5,1.49,NaN,NaN,NaN,0.72,NaN,NaN
102年2月,0.387,0.82,0.84,0.81,0.71,0.73,0.76,0.7,0.77,0.74,0.71,NaN,NaN,NaN,0.616,0.688,0.715,0.612,NaN,NaN,NaN,NaN,NaN,NaN,NaN,NaN,NaN,1.23,NaN,1.38,1.5,NaN,NaN,1.23,0.72,NaN,NaN
102年3月,0.387,0.8,0.85,0.8,0.7,0.72,0.76,0.71,0.75,0.73,0.72,0.73,NaN,NaN,0.629,0.686,0.692,0.634,NaN,NaN,NaN,1.22,NaN,2.3,3,NaN,NaN,1.35,NaN,1.4,NaN,NaN,NaN,NaN,0.72,NaN,NaN
102年4月,0.386,0.8,0.82,0.8,0.7,0.71,0.77,0.71,0.73,0.69,0.72,NaN,0.43,NaN,NaN,0.673,0.703,0.621,NaN,1.02,NaN,NaN,NaN,NaN,NaN,NaN,NaN,1.29,NaN,NaN,NaN,NaN,NaN,NaN,0.69,NaN,NaN
102年5月,0.386,0.78,0.83,0.76,0.69,0.7,0.73,0.66,0.71,0.68,0.68,NaN,0.32,NaN,NaN,0.657,0.664,0.605,NaN,NaN,NaN,NaN,NaN,NaN,NaN,NaN,NaN,1.31,NaN,1.39,1.53,NaN,NaN,NaN,0.66,NaN,NaN
102年6月,0.386,0.79,0.81,0.77,0.68,0.7,0.72,0.7,0.69,0.66,0.72,0.74,NaN,NaN,NaN,0.644,0.649,0.58,NaN,NaN,NaN,1.46,NaN,NaN,NaN,NaN,1.23,1.25,NaN,1.4,NaN,NaN,NaN,NaN,0.64,NaN,NaN
102年7月,0.386,0.79,0.81,0.81,0.67,0.7,0.74,0.68,0.71,0.67,0.66,0.68,0.398,0.48,0.488,0.632,0.643,0.591,NaN,NaN,NaN,NaN,NaN,NaN,NaN,NaN,NaN,1.31,NaN,1.48,1.64,NaN,NaN,NaN,0.63,NaN,NaN
102年8月,0.386,0.77,0.81,0.77,0.66,0.68,0.71,0.66,0.69,0.67,0.7,0.67,NaN,0.45,0.647,0.62,0.637,0.573,NaN,NaN,NaN,NaN,NaN,NaN,NaN,1.47,1.37,1.48,1.52,1.56,NaN,NaN,NaN,NaN,0.63,0.78,NaN
102年9月,0.386,0.76,0.78,0.74,0.64,0.67,0.7,0.65,0.68,0.65,0.73,0.65,NaN,NaN,0.5,0.604,0.634,0.563,NaN,NaN,NaN,1.8,NaN,NaN,NaN,1.35,1.45,1.6,NaN,NaN,2.1,NaN,NaN,1.8,0.65,0.8,NaN
102年10月,0.387,0.76,0.78,0.74,0.64,0.66,0.7,0.64,0.68,0.65,0.69,NaN,NaN,NaN,NaN,0.598,0.619,0.56,NaN,1.15,NaN,NaN,NaN,NaN,NaN,1.43,1.46,1.53,NaN,1.75,1.85,NaN,NaN,NaN,0.64,0.79,NaN
102年11月,0.386,0.74,0.78,0.72,0.63,0.64,0.68,0.62,0.64,0.62,0.64,NaN,NaN,NaN,0.445,0.588,0.612,0.564,NaN,NaN,NaN,NaN,NaN,NaN,NaN,1.28,NaN,1.57,NaN,2.45,1.94,NaN,NaN,NaN,0.62,0.76,NaN
102年12月,0.387,0.74,0.77,0.73,0.61,0.64,0.69,0.61,0.6,0.57,0.64,NaN,NaN,NaN,0.538,0.577,0.605,0.563,NaN,NaN,NaN,1.67,NaN,NaN,NaN,1.26,NaN,1.46,1.58,1.73,1.95,NaN,NaN,NaN,0.56,0.72,NaN
103年,0.387,0.77,0.8,0.78,0.6,0.62,0.69,0.6,0.63,0.6,0.61,NaN,0.447,0.479,0.457,0.554,0.585,0.557,NaN,1.177,NaN,1.61,NaN,NaN,1.661,1.264,1.5,1.474,NaN,1.732,1.946,0.847,0.9,1.693,0.575,0.768,NaN
103年1月,0.388,0.7,0.77,0.73,0.62,0.63,0.69,0.6,0.62,0.6,0.65,NaN,0.58,0.497,NaN,0.567,0.603,0.567,NaN,1.14,NaN,NaN,NaN,NaN,NaN,1.24,NaN,NaN,NaN,1.75,1.95,0.9,NaN,NaN,0.58,0.76,NaN
103年2月,0.387,0.73,0.77,0.72,0.6,0.63,0.67,0.6,0.63,0.6,0.61,NaN,NaN,NaN,0.449,0.562,0.605,0.574,NaN,1.08,NaN,NaN,NaN,NaN,NaN,NaN,NaN,1.39,NaN,NaN,NaN,0.88,NaN,NaN,0.57,0.74,NaN
103年3月,0.387,0.75,0.78,0.71,0.6,0.61,0.64,0.6,0.64,0.61,0.67,NaN,NaN,NaN,0.5,0.557,0.594,0.549,NaN,NaN,NaN,1.58,NaN,NaN,NaN,1.15,NaN,1.4,NaN,1.74,1.95,NaN,NaN,NaN,0.56,0.73,NaN
103年4月,0.387,0.75,0.79,0.73,0.59,0.59,0.63,0.59,0.65,0.6,0.66,NaN,0.388,NaN,NaN,0.548,0.597,0.546,NaN,NaN,NaN,NaN,NaN,NaN,NaN,1.36,NaN,NaN,NaN,NaN,NaN,NaN,NaN,NaN,0.53,0.71,NaN
103年5月,0.388,0.76,0.78,0.74,0.58,0.59,0.61,0.58,0.6,0.56,0.57,NaN,0.319,NaN,NaN,0.545,0.586,0.548,NaN,NaN,NaN,1.53,NaN,NaN,1.5,1.14,NaN,1.4,NaN,1.72,1.94,NaN,NaN,NaN,0.52,0.69,NaN
103年6月,0.387,0.79,0.8,0.76,0.59,0.62,0.64,0.6,0.6,0.6,0.57,NaN,NaN,NaN,NaN,0.549,0.591,0.539,NaN,1.2,NaN,1.55,NaN,NaN,NaN,1.12,NaN,1.545,NaN,1.703,1.886,0.68,0.9,1.65,0.519,0.699,NaN
103年7月,0.387,0.79,0.78,0.77,0.58,0.61,0.69,0.59,0.63,0.59,0.59,NaN,NaN,NaN,0.423,0.548,0.574,0.551,NaN,1.227,NaN,NaN,NaN,NaN,NaN,NaN,NaN,1.696,NaN,1.714,1.948,NaN,NaN,NaN,0.54,0.747,NaN
103年8月,0.386,0.77,0.78,0.79,0.58,0.62,0.67,0.58,0.61,0.59,0.56,NaN,NaN,0.41,NaN,0.549,0.576,0.553,NaN,NaN,NaN,NaN,NaN,NaN,NaN,NaN,NaN,1.525,NaN,1.95,NaN,NaN,NaN,NaN,0.598,0.802,NaN
103年9月,0.387,0.79,0.81,0.83,0.58,0.64,0.73,0.59,0.62,0.62,0.59,NaN,NaN,NaN,NaN,0.551,0.583,0.547,NaN,NaN,NaN,1.725,NaN,NaN,NaN,1.4,NaN,1.414,NaN,1.65,1.866,NaN,NaN,1.75,0.612,0.836,NaN
103年10月,0.387,0.8,0.82,0.85,0.6,0.6,0.76,0.6,0.65,0.58,0.62,NaN,NaN,NaN,NaN,0.554,0.577,0.551,NaN,1.245,NaN,NaN,NaN,NaN,NaN,1.173,NaN,1.44,NaN,1.818,2.049,0.8,NaN,NaN,0.639,0.851,NaN
103年11月,0.387,0.82,0.83,0.84,0.6,0.63,0.75,0.6,0.64,0.59,0.63,NaN,NaN,NaN,NaN,0.553,0.576,0.555,NaN,NaN,NaN,1.658,NaN,NaN,NaN,1.841,1.5,1.45,NaN,NaN,1.93,NaN,NaN,NaN,0.629,0.846,NaN
103年12月,0.387,0.83,0.87,0.85,0.62,0.68,0.79,0.62,0.65,0.65,0.63,NaN,0.5,0.53,NaN,0.56,0.563,0.603,NaN,NaN,NaN,1.59,NaN,NaN,1.875,1.1,NaN,1.431,NaN,1.721,1.971,NaN,NaN,NaN,0.598,0.812,NaN
104年,0.353,0.76,0.82,0.73,0.52,0.58,0.63,0.53,0.56,0.53,0.58,0.5,0.448,0.403,0.502,0.51,0.545,0.531,0.801,0.957,NaN,1.383,NaN,NaN,0.943,1.106,1.166,1.373,1.422,1.634,1.815,0.85,NaN,NaN,0.502,0.617,NaN
104年1月,0.387,0.79,0.86,0.83,0.6,0.64,0.78,0.6,0.62,0.59,0.67,NaN,NaN,0.49,0.55,0.555,0.57,0.573,0.801,NaN,NaN,NaN,NaN,NaN,NaN,1.23,NaN,1.407,NaN,1.8,NaN,NaN,NaN,NaN,0.596,0.793,NaN
104年2月,0.388,0.79,0.87,0.8,0.58,0.64,0.72,0.6,0.68,0.58,0.61,NaN,0.48,NaN,NaN,0.554,0.577,0.588,NaN,NaN,NaN,NaN,NaN,NaN,NaN,NaN,NaN,1.427,NaN,1.9,NaN,NaN,NaN,NaN,0.591,NaN,NaN
104年3月,0.387,0.78,0.87,0.79,0.58,0.63,0.7,0.59,0.64,0.58,0.66,NaN,0.477,NaN,NaN,0.554,0.581,0.558,NaN,1.001,NaN,1.649,NaN,NaN,NaN,NaN,NaN,1.408,NaN,1.665,NaN,0.85,NaN,NaN,0.585,0.778,NaN
104年4月,0.387,0.78,0.87,0.8,0.57,0.65,0.71,0.59,0.63,0.6,0.67,NaN,NaN,NaN,0.495,0.553,0.581,0.548,NaN,NaN,NaN,NaN,NaN,NaN,1.1,1.23,1.34,1.44,NaN,1.75,NaN,NaN,NaN,NaN,0.571,0.755,NaN
104年5月,0.387,0.77,0.82,0.78,0.57,0.64,0.67,0.58,0.62,0.58,0.6,NaN,NaN,NaN,NaN,0.55,0.576,0.558,NaN,NaN,NaN,1.55,NaN,NaN,NaN,NaN,NaN,1.381,NaN,1.65,1.9,NaN,NaN,NaN,0.557,0.728,NaN
104年6月,0.387,0.8,0.87,0.71,0.58,0.61,0.64,0.57,0.61,0.57,0.63,NaN,NaN,NaN,NaN,0.548,0.577,0.555,NaN,1.005,NaN,1.518,NaN,NaN,NaN,1.189,1.3,1.474,1.55,1.71,1.9,NaN,NaN,NaN,0.54,0.698,NaN
104年7月,0.387,0.78,0.85,0.74,0.54,0.62,0.68,0.57,0.65,0.56,0.62,NaN,NaN,NaN,0.46,0.54,0.586,0.564,NaN,0.988,NaN,NaN,NaN,NaN,NaN,1.15,NaN,1.403,NaN,1.652,NaN,NaN,NaN,NaN,0.519,0.669,NaN
104年8月,0.367,0.78,0.85,0.72,0.53,0.58,0.59,0.54,0.55,0.56,0.59,NaN,0.386,NaN,NaN,0.522,0.566,0.555,NaN,NaN,NaN,NaN,NaN,NaN,NaN,1.025,NaN,1.37,NaN,1.615,1.8,NaN,NaN,NaN,0.494,0.619,NaN
104年9月,0.32,0.77,0.8,0.65,0.49,0.53,0.55,0.48,0.48,0.47,0.53,NaN,NaN,NaN,NaN,0.489,0.537,0.521,NaN,NaN,NaN,1.168,NaN,NaN,0.95,1.05,1.15,1.234,1.33,1.41,1.7,NaN,NaN,NaN,0.447,0.553,NaN
104年10月,0.301,0.71,0.77,0.69,0.44,0.49,0.56,0.44,0.43,0.45,0.46,0.5,NaN,NaN,NaN,0.45,0.496,0.498,NaN,0.845,NaN,NaN,NaN,NaN,NaN,NaN,NaN,1.202,NaN,NaN,NaN,NaN,NaN,NaN,0.417,0.505,NaN
104年11月,0.301,0.67,0.75,0.63,0.4,0.45,0.48,0.4,0.41,0.42,0.44,NaN,NaN,NaN,NaN,0.414,0.462,0.457,NaN,NaN,NaN,1.199,NaN,NaN,0.92,0.983,1.09,1.254,1.28,1.4,1.75,NaN,NaN,NaN,0.389,0.465,NaN
104年12月,0.275,0.67,0.69,0.6,0.39,0.43,0.42,0.39,0.4,0.42,0.46,NaN,NaN,0.315,NaN,0.39,0.435,0.4,NaN,NaN,NaN,1.158,NaN,NaN,NaN,1.3,NaN,1.435,NaN,NaN,NaN,NaN,NaN,NaN,0.384,0.464,NaN
105年,0.193,0.55,0.63,0.53,0.34,0.39,0.4,0.33,0.36,0.38,0.38,NaN,0.318,0.422,0.336,0.332,0.362,0.364,0.475,0.57,NaN,0.887,NaN,NaN,0.734,1.219,1.067,0.963,0.851,1.046,1.2,NaN,0.65,NaN,0.375,0.458,NaN
105年1月,0.233,0.63,0.65,0.57,0.37,0.4,0.42,0.37,0.37,0.45,0.39,NaN,0.33,0.38,0.35,0.377,0.414,0.434,0.475,NaN,NaN,NaN,NaN,NaN,NaN,1.3,NaN,1.291,NaN,1.5,NaN,NaN,NaN,NaN,0.351,0.427,NaN
105年2月,0.202,0.64,0.72,0.52,0.37,0.41,0.42,0.36,0.39,0.39,0.44,NaN,NaN,0.355,NaN,0.382,0.427,0.401,NaN,NaN,NaN,NaN,NaN,NaN,NaN,NaN,NaN,NaN,NaN,NaN,NaN,NaN,NaN,NaN,0.349,0.428,NaN
105年3月,0.201,0.58,0.67,0.52,0.36,0.39,0.41,0.36,0.42,0.4,0.44,NaN,0.305,NaN,NaN,0.359,0.396,0.398,NaN,0.548,NaN,0.83,NaN,NaN,NaN,1.2,NaN,0.953,NaN,NaN,NaN,NaN,NaN,NaN,0.363,0.436,NaN
105年4月,0.201,0.56,0.65,0.54,0.32,0.36,0.37,0.31,0.34,0.36,0.39,NaN,NaN,NaN,0.358,0.324,0.363,0.35,NaN,NaN,NaN,NaN,NaN,NaN,NaN,0.8,1.15,1.021,NaN,NaN,NaN,NaN,NaN,NaN,0.375,0.442,NaN
105年5月,0.201,0.52,0.64,0.51,0.31,0.38,0.36,0.31,0.33,0.36,0.33,NaN,NaN,NaN,NaN,0.318,0.355,0.369,NaN,NaN,NaN,0.852,NaN,NaN,0.6,1.114,NaN,0.982,NaN,1,NaN,NaN,NaN,NaN,0.37,0.437,NaN
105年6月,0.201,0.53,0.64,0.46,0.33,0.4,0.37,0.33,0.34,0.32,NaN,NaN,NaN,NaN,NaN,0.331,0.358,0.363,NaN,0.568,NaN,0.802,NaN,NaN,0.6,0.7,NaN,0.976,0.88,0.993,1.2,NaN,NaN,NaN,0.36,0.434,NaN
105年7月,0.178,0.51,0.55,0.51,0.31,0.35,0.38,0.29,0.33,NaN,NaN,NaN,NaN,NaN,0.3,0.303,0.327,0.334,NaN,0.51,NaN,NaN,NaN,NaN,NaN,2.034,NaN,2,NaN,NaN,NaN,NaN,NaN,NaN,0.344,0.413,NaN
105年8月,0.178,0.49,0.55,0.49,0.3,0.34,0.33,0.28,0.31,NaN,0.35,NaN,NaN,NaN,NaN,0.295,0.316,0.339,NaN,NaN,NaN,NaN,NaN,NaN,NaN,0.77,0.65,0.759,0.84,0.9,NaN,NaN,NaN,NaN,0.338,0.405,NaN
105年9月,0.184,0.51,0.57,0.49,0.31,0.35,0.34,0.31,0.36,0.35,0.35,NaN,NaN,NaN,NaN,0.302,0.323,0.333,NaN,NaN,NaN,0.686,NaN,NaN,NaN,NaN,NaN,0.829,NaN,NaN,NaN,NaN,NaN,NaN,0.342,0.421,NaN
105年10月,0.178,0.49,0.56,0.57,0.32,0.37,0.39,0.3,0.32,NaN,NaN,NaN,NaN,NaN,NaN,0.299,0.325,0.329,NaN,0.656,NaN,NaN,NaN,NaN,NaN,NaN,NaN,0.948,NaN,NaN,NaN,NaN,0.65,NaN,0.356,0.449,NaN
105年11月,0.183,0.52,0.65,0.58,0.35,0.39,0.45,0.35,0.41,NaN,0.33,NaN,NaN,NaN,NaN,0.328,0.335,0.344,NaN,NaN,NaN,1.018,NaN,NaN,0.85,1.65,NaN,0.922,NaN,NaN,NaN,NaN,NaN,NaN,0.371,0.502,NaN
105年12月,0.174,0.65,0.71,0.65,0.44,0.56,0.61,0.44,0.44,0.38,NaN,NaN,NaN,0.53,NaN,0.364,0.401,0.372,NaN,NaN,NaN,1.15,NaN,NaN,1.946,1.643,NaN,1.076,NaN,NaN,NaN,NaN,NaN,NaN,0.583,0.705,NaN
106年,0.178,0.56,0.61,0.59,0.38,0.44,0.48,0.37,0.42,0.35,0.45,0.36,0.297,0.375,0.45,0.338,0.363,0.363,NaN,0.766,NaN,1.051,NaN,7,1.655,0.976,0.98,1.108,1.065,1.277,1.514,0.74,0.865,NaN,0.479,0.585,NaN
106年1月,0.173,0.59,0.66,0.61,0.39,0.47,0.5,0.39,0.52,0.33,0.62,NaN,0.32,0.42,0.483,0.352,0.39,0.357,NaN,0.79,NaN,NaN,NaN,NaN,NaN,0.964,NaN,1.192,NaN,1.45,NaN,0.74,NaN,NaN,0.542,NaN,NaN
106年2月,0.177,0.55,0.64,0.58,0.39,0.44,0.47,0.37,0.37,NaN,NaN,NaN,0.282,NaN,NaN,0.357,0.387,0.362,NaN,NaN,NaN,NaN,NaN,NaN,NaN,NaN,NaN,NaN,NaN,NaN,NaN,NaN,NaN,NaN,0.524,0.627,NaN
106年3月,0.176,0.56,0.61,0.6,0.4,0.48,0.57,0.37,0.44,NaN,NaN,NaN,0.305,NaN,NaN,0.349,0.378,0.403,NaN,NaN,NaN,1.134,NaN,NaN,2.3,NaN,NaN,1.15,NaN,1.43,NaN,NaN,NaN,NaN,0.521,0.64,NaN
106年4月,0.175,0.55,0.59,0.57,0.38,0.45,0.48,0.36,0.39,NaN,NaN,0.36,0.28,0.33,NaN,0.341,0.369,0.369,NaN,0.769,NaN,NaN,NaN,7,NaN,0.939,NaN,1.14,NaN,1.38,1.55,NaN,NaN,NaN,0.518,0.62,NaN
106年5月,0.172,0.56,0.61,0.57,0.35,0.39,0.45,0.33,0.37,NaN,NaN,NaN,NaN,NaN,NaN,0.33,0.355,0.362,NaN,NaN,NaN,1.139,NaN,7,0.8,1.038,NaN,1.126,NaN,1.428,1.53,NaN,0.865,NaN,0.494,0.593,NaN
106年6月,0.183,0.57,0.61,0.55,0.37,0.42,0.44,0.36,0.41,NaN,NaN,NaN,NaN,NaN,NaN,0.336,0.354,0.361,NaN,NaN,NaN,1.015,NaN,7,2.3,0.8,NaN,1.24,NaN,NaN,NaN,NaN,NaN,NaN,0.485,0.602,NaN
106年7月,0.184,0.56,0.6,0.6,0.36,0.44,0.48,0.36,0.41,0.41,0.35,NaN,NaN,NaN,0.416,0.339,0.359,0.362,NaN,0.783,NaN,NaN,NaN,7,NaN,0.91,NaN,1.009,NaN,1.23,1.4,NaN,NaN,NaN,0.479,0.597,NaN
106年8月,0.18,0.55,0.61,0.56,0.36,0.41,0.45,0.36,0.42,0.4,0.37,NaN,NaN,NaN,NaN,0.332,0.353,0.346,NaN,NaN,NaN,NaN,NaN,7,0.78,0.968,0.98,1.024,1.18,1.3,1.52,NaN,NaN,NaN,0.46,0.579,NaN
106年9月,0.184,0.56,0.61,0.61,0.38,0.42,0.46,0.35,0.41,0.27,NaN,NaN,NaN,NaN,NaN,0.331,0.356,0.354,NaN,NaN,NaN,1.009,NaN,7,2.3,1.033,NaN,0.945,NaN,1.154,1.665,NaN,NaN,NaN,0.451,0.563,NaN
106年10月,0.181,0.57,0.6,0.6,0.39,0.46,0.47,0.37,0.44,NaN,NaN,NaN,NaN,NaN,NaN,0.334,0.354,0.366,NaN,0.72,NaN,NaN,NaN,7,NaN,1.14,NaN,1.174,NaN,1.13,1.9,NaN,NaN,NaN,0.443,0.557,NaN
106年11月,0.177,0.57,0.6,0.63,0.38,0.42,0.52,0.38,0.42,NaN,NaN,NaN,NaN,NaN,NaN,0.328,0.352,0.365,NaN,NaN,NaN,1.009,NaN,7,1.449,1.072,NaN,1.225,NaN,1.18,1.4,NaN,NaN,NaN,0.434,0.548,NaN
106年12月,0.179,0.58,0.61,0.56,0.39,0.43,0.48,0.39,0.42,NaN,NaN,NaN,NaN,NaN,NaN,0.334,0.35,0.353,NaN,NaN,NaN,0.981,NaN,7,NaN,0.9,NaN,0.959,0.95,1.086,1.15,NaN,NaN,NaN,0.433,0.554,NaN
107年,0.183,0.58,0.65,0.63,0.44,0.49,0.55,0.47,0.49,NaN,NaN,NaN,0.355,0.385,0.398,0.356,0.381,0.377,NaN,0.728,NaN,0.961,NaN,6.715,5.568,1.461,0.8,0.909,0.94,0.983,1.313,0.69,0.702,0.85,0.487,0.619,NaN
107年1月,0.18,0.54,0.6,0.56,0.37,0.44,0.5,0.4,0.44,NaN,NaN,NaN,NaN,NaN,0.398,0.328,0.359,0.362,NaN,0.688,NaN,NaN,NaN,7,2.3,0.827,NaN,0.923,NaN,1.08,1.75,NaN,0.7,NaN,0.44,0.577,NaN
107年2月,0.181,0.54,0.61,0.62,0.39,0.46,0.52,0.42,0.38,NaN,NaN,NaN,0.355,0.39,NaN,0.329,0.364,0.348,NaN,NaN,NaN,1.069,NaN,7,NaN,NaN,NaN,NaN,NaN,NaN,NaN,NaN,NaN,NaN,0.469,0.603,NaN
107年3月,0.18,0.53,0.59,0.54,0.4,0.43,0.48,0.4,0.44,NaN,NaN,NaN,NaN,NaN,NaN,0.328,0.354,0.384,NaN,NaN,NaN,NaN,NaN,7,NaN,NaN,NaN,0.925,NaN,NaN,NaN,0.67,0.72,0.85,0.484,0.618,NaN
107年4月,0.184,0.51,0.58,0.55,0.39,0.43,0.49,0.4,0.43,NaN,NaN,NaN,NaN,0.38,NaN,0.331,0.364,0.374,NaN,NaN,NaN,1.007,NaN,7,NaN,NaN,NaN,0.922,NaN,1,NaN,0.66,0.69,NaN,0.487,0.62,NaN
107年5月,0.186,0.52,0.61,0.58,0.38,0.41,0.49,0.41,0.44,NaN,NaN,NaN,NaN,NaN,NaN,0.334,0.364,0.352,NaN,NaN,NaN,NaN,NaN,7,NaN,0.758,NaN,0.897,0.96,0.987,1.196,NaN,NaN,NaN,0.485,0.616,NaN
107年6月,0.192,0.58,0.67,0.58,0.44,0.47,0.49,0.47,0.48,NaN,NaN,NaN,NaN,NaN,NaN,0.356,0.362,0.343,NaN,NaN,NaN,0.989,NaN,7,8,0.7,NaN,0.871,NaN,0.962,1.09,NaN,NaN,NaN,0.481,0.63,NaN
107年7月,0.188,0.6,0.65,0.66,0.46,0.47,0.56,0.49,0.54,NaN,NaN,NaN,NaN,NaN,NaN,0.362,0.362,0.369,NaN,0.681,NaN,NaN,NaN,7,8,0.73,0.8,0.898,0.92,0.984,1.3,NaN,0.7,0.85,0.484,0.624,NaN
107年8月,0.178,0.61,0.67,0.63,0.47,0.52,0.57,0.49,0.54,NaN,NaN,NaN,NaN,NaN,NaN,0.358,0.378,0.391,NaN,NaN,NaN,0.83,NaN,7,8,0.75,NaN,0.857,NaN,0.94,1.095,NaN,0.7,NaN,0.481,0.613,NaN
107年9月,0.178,0.62,0.66,0.64,0.48,0.52,0.56,0.49,0.5,NaN,NaN,NaN,NaN,NaN,NaN,0.362,0.379,0.388,NaN,0.753,NaN,NaN,NaN,7,8,2.13,NaN,0.869,NaN,0.958,1.07,NaN,NaN,NaN,0.482,0.605,NaN
107年10月,0.183,0.62,0.65,0.69,0.49,0.51,0.58,0.51,0.55,NaN,NaN,NaN,NaN,NaN,NaN,0.377,0.398,0.414,NaN,NaN,NaN,0.925,NaN,3.581,NaN,5,NaN,0.871,NaN,0.9,1.417,NaN,NaN,NaN,0.483,0.608,NaN
107年11月,0.179,0.64,0.72,0.74,0.5,0.55,0.63,0.54,0.6,NaN,NaN,NaN,NaN,NaN,NaN,0.388,0.427,0.419,NaN,0.789,NaN,NaN,NaN,7,2.747,0.79,NaN,0.95,NaN,1.034,1.1,0.74,NaN,NaN,0.494,0.627,NaN
107年12月,0.183,0.68,0.75,0.79,0.54,0.62,0.67,0.6,0.57,NaN,NaN,NaN,NaN,NaN,NaN,0.423,0.461,0.386,NaN,NaN,NaN,0.947,NaN,7,1.926,NaN,NaN,1.02,NaN,NaN,1.8,NaN,NaN,NaN,0.564,0.689,NaN
108年,0.182,0.63,0.69,0.67,0.51,0.55,0.61,0.54,0.58,0.55,0.5,NaN,0.437,0.487,0.52,0.462,0.491,0.442,NaN,0.655,NaN,0.718,NaN,3.49,3.99,1.031,NaN,0.832,0.86,0.879,0.984,0.7,0.685,0.751,0.56,0.619,NaN
108年1月,0.179,0.65,0.75,0.71,0.52,0.57,0.67,0.59,0.59,NaN,NaN,NaN,0.441,0.478,NaN,0.44,0.48,0.457,NaN,0.74,NaN,NaN,NaN,2.04,8,0.91,NaN,0.955,NaN,1.3,NaN,NaN,0.77,NaN,0.557,NaN,NaN
108年2月,0.18,0.62,0.68,0.66,0.5,0.55,0.64,0.52,0.58,NaN,NaN,NaN,NaN,0.49,0.47,0.449,0.452,0.372,NaN,NaN,NaN,0.848,NaN,7,8,NaN,NaN,8,NaN,NaN,NaN,NaN,NaN,0.95,0.52,0.635,NaN
108年3月,0.178,0.61,0.65,0.61,0.49,0.52,0.59,0.51,0.57,NaN,NaN,NaN,0.42,NaN,NaN,0.434,0.458,0.448,NaN,0.656,NaN,NaN,NaN,7,2.558,NaN,NaN,0.976,NaN,NaN,NaN,NaN,0.7,NaN,0.519,0.606,NaN
108年4月,0.189,0.58,0.66,0.61,0.46,0.49,0.55,0.47,0.51,NaN,NaN,NaN,0.45,0.46,NaN,0.423,0.445,0.46,NaN,NaN,NaN,0.742,NaN,6.625,7.5,1.237,NaN,0.889,NaN,0.926,0.99,NaN,0.7,NaN,0.51,0.577,NaN
108年5月,0.188,0.57,0.65,0.58,0.44,0.49,0.53,0.46,0.52,NaN,NaN,NaN,NaN,NaN,NaN,0.426,0.45,0.41,NaN,NaN,NaN,NaN,NaN,6,7,0.86,NaN,0.86,NaN,0.883,1.034,NaN,NaN,NaN,0.505,0.561,NaN
108年6月,0.202,0.68,0.72,0.68,0.56,0.62,0.57,0.58,0.58,0.57,0.5,NaN,NaN,NaN,NaN,0.5,0.537,0.462,NaN,NaN,NaN,0.69,NaN,5,3,0.95,NaN,0.869,NaN,0.998,1.291,NaN,NaN,0.753,0.57,0.654,NaN
108年7月,0.185,0.67,0.73,0.7,0.54,0.56,0.63,0.56,0.62,0.56,0.5,NaN,NaN,NaN,NaN,0.487,0.517,0.46,NaN,0.586,NaN,NaN,NaN,5,6,NaN,NaN,0.804,NaN,0.786,0.87,0.7,0.69,0.77,0.581,0.664,NaN
108年8月,0.18,0.65,0.7,0.7,0.53,0.57,0.62,0.57,0.61,0.57,NaN,NaN,NaN,NaN,NaN,0.489,0.517,0.448,NaN,NaN,NaN,0.64,NaN,4.042,5.56,NaN,NaN,0.793,NaN,0.88,1,NaN,0.65,0.69,0.596,0.664,NaN
108年9月,0.177,0.65,0.69,0.69,0.53,0.57,0.65,0.59,0.59,0.53,NaN,NaN,NaN,NaN,NaN,0.483,0.513,0.447,NaN,0.635,NaN,NaN,NaN,4,3.554,5,NaN,0.706,NaN,0.771,0.827,NaN,0.65,0.71,0.594,0.635,NaN
108年10月,0.177,0.64,0.72,0.68,0.52,0.57,0.65,0.55,0.59,0.53,NaN,NaN,NaN,NaN,NaN,0.475,0.504,0.468,NaN,NaN,NaN,0.701,NaN,4,5,0.71,NaN,0.792,0.86,0.895,0.99,NaN,NaN,NaN,0.59,0.62,NaN
108年11月,0.176,0.63,0.68,0.69,0.5,0.54,0.6,0.52,0.58,NaN,NaN,NaN,NaN,NaN,NaN,0.466,0.497,0.449,NaN,NaN,NaN,NaN,NaN,4,5,0.761,NaN,0.773,NaN,0.83,1.25,0.7,0.69,0.79,0.584,0.601,NaN
108年12月,0.177,0.65,0.7,0.71,0.51,0.57,0.61,0.54,0.57,NaN,NaN,NaN,NaN,0.518,0.57,0.469,0.524,0.427,NaN,NaN,NaN,0.679,NaN,4,5,1.184,NaN,0.82,NaN,0.805,0.85,NaN,NaN,0.76,0.587,0.594,NaN
109年,0.102,0.5,0.56,0.49,0.34,0.39,0.42,0.33,0.38,0.56,0.5,NaN,0.316,0.371,0.327,0.31,0.334,0.334,NaN,0.369,NaN,0.427,NaN,3.958,4.003,0.781,0.703,0.648,0.753,0.622,0.705,NaN,0.524,0.485,0.34,0.322,NaN
109年1月,0.18,0.63,0.7,0.63,0.49,0.54,0.57,0.51,0.57,0.83,NaN,NaN,0.45,0.481,0.481,0.463,0.504,0.456,NaN,0.57,NaN,NaN,NaN,4,2.488,0.69,NaN,0.796,0.85,0.92,1.076,NaN,NaN,NaN,0.571,NaN,NaN
109年2月,0.178,0.62,0.66,0.6,0.49,0.56,0.55,0.49,0.56,0.81,NaN,NaN,NaN,0.48,NaN,0.461,0.49,0.457,NaN,NaN,NaN,0.55,NaN,NaN,4.5,1.8,NaN,4.5,NaN,NaN,NaN,NaN,NaN,NaN,0.543,0.55,NaN
109年3月,0.144,0.62,0.66,0.63,0.46,0.51,0.56,0.47,0.48,0.46,0.5,NaN,0.47,NaN,NaN,0.427,0.468,0.41,NaN,0.437,NaN,NaN,NaN,4,4.5,NaN,11,0.653,12,0.646,0.672,NaN,0.575,0.575,0.513,0.491,NaN
109年4月,0.079,0.56,0.62,0.52,0.38,0.48,0.49,0.31,0.46,0.35,NaN,NaN,NaN,NaN,NaN,0.332,0.357,0.354,NaN,NaN,NaN,0.508,NaN,4,4.682,0.74,11,0.711,NaN,0.596,0.588,NaN,NaN,NaN,0.382,0.391,NaN
109年5月,0.079,0.52,0.56,0.5,0.32,0.37,0.43,0.32,0.35,0.36,NaN,NaN,NaN,NaN,NaN,0.296,0.315,0.331,NaN,NaN,NaN,NaN,NaN,4,4.5,0.7,NaN,0.719,12,0.708,0.711,NaN,NaN,0.53,0.352,0.347,NaN
109年6月,0.082,0.51,0.56,0.47,0.32,0.36,0.4,0.3,0.36,NaN,NaN,NaN,0.28,NaN,NaN,0.284,0.303,0.305,NaN,NaN,NaN,0.477,NaN,4,4.5,1.034,NaN,0.667,NaN,0.666,0.821,NaN,NaN,NaN,0.333,0.32,NaN
109年7月,0.083,0.45,0.53,0.44,0.29,0.35,0.41,0.29,0.37,NaN,NaN,NaN,NaN,NaN,NaN,0.272,0.295,0.306,NaN,0.333,NaN,NaN,NaN,3.75,4,NaN,0.59,0.583,0.61,0.593,0.626,NaN,NaN,0.55,0.303,0.304,NaN
109年8月,0.082,0.45,0.5,0.42,0.29,0.33,0.4,0.28,0.33,NaN,NaN,NaN,NaN,NaN,NaN,0.263,0.284,0.305,NaN,NaN,NaN,0.37,NaN,3.75,4,0.767,NaN,0.69,NaN,0.703,0.751,NaN,NaN,0.54,0.288,0.282,NaN
109年9月,0.082,0.43,0.49,0.41,0.28,0.31,0.33,0.29,0.32,NaN,NaN,NaN,0.2,NaN,NaN,0.259,0.28,0.311,NaN,0.295,NaN,NaN,NaN,3.75,4,1.226,0.59,0.591,0.64,0.666,0.689,NaN,NaN,0.55,0.27,0.262,NaN
109年10月,0.082,0.41,0.47,0.41,0.26,0.3,0.33,0.25,0.29,NaN,NaN,NaN,NaN,NaN,NaN,0.248,0.264,0.282,NaN,NaN,NaN,0.352,NaN,3.75,4.136,10,NaN,0.717,NaN,0.701,0.942,NaN,NaN,NaN,0.253,0.239,NaN
109年11月,0.08,0.4,0.45,0.39,0.22,0.27,0.27,0.22,0.25,NaN,NaN,NaN,NaN,0.151,NaN,0.214,0.233,0.256,NaN,NaN,NaN,NaN,NaN,3.75,4,0.859,0.625,0.556,NaN,0.563,0.744,NaN,0.38,0.441,0.208,0.167,NaN
109年12月,0.08,0.42,0.47,0.41,0.22,0.24,0.26,0.22,0.24,NaN,NaN,NaN,0.178,NaN,0.173,0.196,0.215,0.237,NaN,0.198,NaN,0.296,NaN,3.75,4,1.081,NaN,0.52,0.96,0.486,0.506,NaN,NaN,0.4,0.164,0.194,NaN
110年,0.081,0.39,0.43,0.37,0.22,0.26,0.28,0.23,0.27,NaN,NaN,NaN,0.172,0.157,0.254,0.187,0.207,0.232,NaN,0.298,0.373,0.445,NaN,2.044,NaN,0.486,1.001,0.581,NaN,0.573,0.653,NaN,0.422,0.476,0.224,0.274,NaN
110年1月,0.079,0.41,0.42,0.33,0.21,0.24,0.24,0.22,0.24,NaN,NaN,NaN,0.147,NaN,0.169,0.184,0.207,0.284,NaN,0.25,NaN,NaN,NaN,3.75,NaN,0.585,NaN,0.566,NaN,0.484,0.59,NaN,NaN,0.4,0.199,NaN,NaN
110年2月,0.08,0.38,0.46,0.29,0.2,0.23,0.23,0.21,0.2,NaN,NaN,NaN,NaN,0.134,NaN,0.18,0.204,0.239,NaN,NaN,NaN,0.374,NaN,NaN,NaN,NaN,NaN,NaN,NaN,NaN,NaN,NaN,NaN,NaN,0.174,0.184,NaN
110年3月,0.08,0.34,0.42,0.3,0.19,0.23,0.22,0.2,0.21,NaN,NaN,NaN,0.123,NaN,NaN,0.172,0.188,0.222,NaN,0.348,NaN,NaN,NaN,NaN,NaN,NaN,NaN,0.536,NaN,0.55,0.6,NaN,NaN,NaN,0.17,0.191,NaN
110年4月,0.08,0.35,0.38,0.32,0.19,0.22,0.23,0.18,0.24,NaN,NaN,NaN,0.132,NaN,NaN,0.17,0.184,0.211,NaN,NaN,NaN,0.422,NaN,NaN,NaN,NaN,NaN,0.588,NaN,0.55,0.621,NaN,NaN,0.45,0.178,0.203,NaN
110年5月,0.08,0.4,0.42,0.36,0.19,0.22,0.25,0.2,0.24,NaN,NaN,NaN,NaN,NaN,NaN,0.174,0.188,0.233,NaN,NaN,NaN,0.4,NaN,NaN,NaN,0.515,4.12,0.609,NaN,0.58,0.729,NaN,0.4,0.427,0.184,0.21,NaN
110年6月,0.081,0.37,0.42,0.39,0.2,0.24,0.26,0.21,0.24,NaN,NaN,NaN,NaN,NaN,NaN,0.179,0.197,0.211,NaN,NaN,NaN,0.435,NaN,NaN,NaN,NaN,0.75,0.51,NaN,0.527,0.607,NaN,NaN,0.5,0.196,0.226,NaN
110年7月,0.082,0.36,0.42,0.35,0.2,0.24,0.25,0.22,0.25,NaN,NaN,NaN,0.158,NaN,NaN,0.18,0.192,0.214,NaN,0.283,NaN,NaN,NaN,NaN,NaN,0.402,0.35,0.552,NaN,0.546,NaN,NaN,0.35,0.39,0.213,0.252,NaN
110年8月,0.081,0.37,0.39,0.35,0.2,0.24,0.26,0.21,0.25,NaN,NaN,NaN,NaN,0.179,NaN,0.177,0.197,0.215,NaN,NaN,0.373,0.399,NaN,NaN,NaN,0.472,0.485,0.588,NaN,0.585,0.656,NaN,NaN,0.417,0.229,0.266,NaN
110年9月,0.086,0.38,0.45,0.4,0.22,0.25,0.28,0.23,0.26,NaN,NaN,NaN,NaN,NaN,0.204,0.185,0.2,0.241,NaN,0.327,NaN,NaN,NaN,NaN,NaN,0.47,NaN,0.584,NaN,0.583,0.648,NaN,NaN,0.436,0.239,0.281,NaN
110年10月,0.083,0.42,0.45,0.43,0.26,0.3,0.31,0.27,0.32,NaN,NaN,NaN,NaN,NaN,NaN,0.209,0.223,0.224,NaN,NaN,NaN,0.5,NaN,2,NaN,NaN,0.535,0.594,NaN,0.65,0.714,NaN,0.37,0.46,0.26,0.35,NaN
110年11月,0.082,0.42,0.46,0.46,0.27,0.31,0.39,0.3,0.37,NaN,NaN,NaN,NaN,NaN,NaN,0.213,0.247,0.244,NaN,NaN,NaN,NaN,NaN,NaN,NaN,NaN,NaN,0.585,NaN,0.566,0.6,NaN,NaN,NaN,0.298,0.407,NaN
110年12月,0.083,0.45,0.52,0.48,0.29,0.36,0.41,0.31,0.4,NaN,NaN,NaN,0.299,NaN,0.39,0.224,0.266,0.246,NaN,NaN,NaN,0.542,NaN,NaN,NaN,0.638,NaN,0.611,NaN,0.673,0.749,NaN,0.561,0.558,0.333,0.489,NaN
111年,0.263,0.89,0.96,1.08,0.69,0.82,1.03,0.75,0.77,NaN,NaN,NaN,0.456,0.32,0.749,0.528,0.566,0.448,NaN,1.08,NaN,1.22,NaN,NaN,NaN,1.572,1.276,1.46,1.9,1.417,1.829,NaN,1.405,1.143,0.925,1.011,NaN
111年1月,0.085,0.46,0.49,0.52,0.29,0.34,0.44,0.31,0.4,NaN,NaN,NaN,0.33,NaN,0.348,0.22,0.277,0.236,NaN,NaN,NaN,0.79,NaN,NaN,NaN,0.595,0.6,0.684,NaN,0.707,0.8,NaN,NaN,NaN,0.396,NaN,NaN
111年2月,0.081,0.46,0.47,0.51,0.29,0.36,0.41,0.3,0.36,NaN,NaN,NaN,NaN,0.32,NaN,0.237,0.266,0.229,NaN,0.6,NaN,0.714,NaN,NaN,NaN,NaN,NaN,NaN,NaN,NaN,NaN,NaN,NaN,0.7,0.399,0.511,NaN
111年3月,0.122,0.6,0.54,0.49,0.38,0.41,0.43,0.41,0.39,NaN,NaN,NaN,0.273,NaN,NaN,0.273,0.306,0.26,NaN,0.85,NaN,NaN,NaN,NaN,NaN,NaN,0.84,0.86,NaN,1.023,1.3,NaN,0.65,0.739,0.397,0.523,NaN
111年4月,0.185,0.7,0.76,0.81,0.49,0.6,0.74,0.41,0.65,NaN,NaN,NaN,0.43,NaN,NaN,0.357,0.407,0.463,NaN,1.019,NaN,1.3,NaN,NaN,NaN,NaN,NaN,0.864,NaN,0.891,0.9,NaN,NaN,0.78,0.633,0.985,NaN
111年5月,0.181,0.74,0.82,0.99,0.53,0.62,0.97,0.63,0.77,NaN,NaN,NaN,NaN,NaN,NaN,0.382,0.424,0.306,NaN,NaN,NaN,NaN,NaN,NaN,NaN,1.05,NaN,1.367,NaN,1.455,1.638,NaN,1.167,NaN,1.006,1.525,NaN
111年6月,0.252,0.82,0.91,1.11,0.61,0.75,0.97,0.73,0.84,NaN,NaN,NaN,0.79,NaN,NaN,0.45,0.448,0.334,NaN,1.08,NaN,1.29,NaN,NaN,NaN,1.565,NaN,1.692,1.9,1.7,2.15,NaN,NaN,NaN,1.112,1.413,NaN
111年7月,0.311,0.93,1.03,1.18,0.73,0.84,1.09,0.79,NaN,NaN,NaN,NaN,NaN,NaN,NaN,0.564,0.579,0.37,NaN,1.095,NaN,NaN,NaN,NaN,NaN,1.844,1.6,1.715,NaN,1.781,1.974,NaN,1.544,1.7,1.17,1.378,NaN
111年8月,0.306,1.02,1.11,1.29,0.83,1.03,1.32,0.86,0.99,NaN,NaN,NaN,NaN,NaN,NaN,0.605,0.624,0.49,NaN,NaN,NaN,1.192,NaN,NaN,NaN,1.556,1.65,1.673,NaN,1.78,1.902,NaN,1.4,1.556,1.15,1.292,NaN
111年9月,0.339,1.12,1.23,1.5,0.93,1.13,1.42,1.05,1.17,NaN,NaN,NaN,NaN,NaN,NaN,0.69,0.72,0.514,NaN,1.28,NaN,NaN,NaN,NaN,NaN,1.85,NaN,1.693,NaN,1.85,NaN,NaN,1.4,1.5,1.182,1.307,NaN
111年10月,0.435,1.23,1.34,1.55,1.04,1.19,1.53,1.14,NaN,NaN,NaN,NaN,NaN,NaN,NaN,0.818,0.831,0.491,NaN,NaN,NaN,1.78,NaN,NaN,NaN,1.637,NaN,1.664,NaN,1.694,1.958,NaN,NaN,NaN,1.259,1.36,NaN
111年11月,0.433,1.25,1.4,1.55,1.04,1.26,1.54,1.14,1.37,NaN,NaN,NaN,NaN,NaN,NaN,0.848,0.936,1.038,NaN,1.497,NaN,NaN,NaN,NaN,NaN,1.85,NaN,2,NaN,NaN,2.332,NaN,NaN,NaN,1.274,1.371,NaN
111年12月,0.507,1.32,1.42,1.51,1.08,1.26,1.46,1.24,NaN,NaN,NaN,NaN,NaN,NaN,1.15,0.896,0.968,0.646,NaN,NaN,NaN,1.3,NaN,NaN,NaN,1.908,NaN,2.09,NaN,2.4,2.472,NaN,NaN,NaN,1.245,1.265,NaN
112年1月,0.56,1.33,1.46,1.46,1.1,1.24,1.43,1.17,1.41,NaN,NaN,NaN,NaN,NaN,1.09,0.933,1.034,0.598,NaN,1.077,NaN,1.25,NaN,NaN,NaN,1.787,2.1,1.894,NaN,2.194,2.275,NaN,NaN,NaN,1.202,NaN,NaN
112年2月,0.556,1.32,1.36,1.38,1.08,1.22,1.34,1.11,1.42,NaN,NaN,NaN,1.11,1.042,NaN,0.944,1.033,0.632,NaN,NaN,NaN,1.21,NaN,NaN,NaN,NaN,NaN,NaN,NaN,NaN,NaN,NaN,NaN,1.4,1.176,1.193,NaN
112年3月,0.598,1.34,1.39,1.39,1.11,1.24,1.33,1.18,1.33,NaN,NaN,NaN,1.2,1.16,NaN,0.966,1.02,0.857,NaN,1.088,NaN,NaN,NaN,NaN,NaN,NaN,NaN,1.552,NaN,1.663,1.88,NaN,1.37,1.399,1.18,1.189,NaN
112年4月,0.681,1.41,1.48,1.45,1.19,1.26,1.38,1.14,1.38,NaN,NaN,NaN,1.2,1.233,NaN,1.051,1.081,0.643,NaN,NaN,NaN,1.205,NaN,NaN,NaN,1.563,NaN,1.583,NaN,1.644,1.902,NaN,NaN,1.409,1.233,1.218,NaN
112年5月,0.683,1.39,1.42,1.38,1.19,1.24,1.32,1.22,1.38,NaN,NaN,NaN,NaN,NaN,NaN,1.046,1.083,0.898,NaN,1.08,NaN,NaN,NaN,NaN,NaN,NaN,NaN,1.586,NaN,1.614,1.801,NaN,NaN,NaN,1.2,1.159,NaN
112年6月,0.686,1.49,1.55,1.53,1.23,1.34,1.5,1.27,1.43,NaN,NaN,NaN,NaN,NaN,NaN,1.105,1.13,0.763,NaN,NaN,NaN,1.17,NaN,NaN,NaN,1.514,NaN,1.587,1.64,1.618,1.809,NaN,NaN,1.4,1.217,1.133,NaN
112年7月,0.681,1.48,1.53,1.49,1.25,1.35,1.51,1.26,1.35,NaN,NaN,NaN,NaN,NaN,NaN,1.105,1.118,0.879,NaN,1.08,NaN,NaN,NaN,NaN,NaN,1.512,NaN,1.605,NaN,1.631,3.047,NaN,NaN,NaN,1.179,1.114,NaN
112年8月,0.683,1.47,1.51,1.48,1.22,1.31,1.5,1.22,1.43,NaN,NaN,NaN,NaN,NaN,NaN,1.099,1.152,1.012,NaN,NaN,NaN,1.2,NaN,NaN,NaN,1.464,NaN,1.592,NaN,1.635,2.717,1.4,1.48,NaN,1.161,1.108,NaN
